timestamp,machine_id,motor_type,location,rpm,voltage_v,current_a,power_kw,torque_nm,temperature_c,vibration_mm_s,noise_db,efficiency_pct,anomaly_type,severity
2026-01-05 06:00:00,MTR-01,Induction,Assembly Line A,1445.9,403.4,11.32,6.8,75.7,64.5,1.67,75.2,91.1,None,None
2026-01-05 06:00:00,MTR-02,Induction,Assembly Line A,1496.7,401.2,11.0,6.57,84.0,71.8,2.47,74.9,90.5,None,None
2026-01-05 06:00:00,MTR-03,Servo,Robotics Cell,1892.0,402.8,7.56,4.54,70.2,64.5,1.28,76.4,90.9,None,None
2026-01-05 06:00:00,MTR-04,Servo,Robotics Cell,1738.7,400.0,8.46,5.04,69.6,66.7,1.88,73.5,91.0,None,None
2026-01-05 06:00:00,MTR-05,Synchronous,Utility Room,1212.3,395.1,13.63,8.02,77.9,73.6,2.8,76.8,91.3,None,None
2026-01-05 06:00:00,MTR-06,Induction,Packaging Line,1546.0,407.4,12.42,7.54,77.4,71.4,3.06,75.8,90.4,None,None
2026-01-05 08:24:00,MTR-01,Induction,Assembly Line A,1499.6,403.5,10.84,6.51,73.4,70.1,2.12,73.5,91.6,None,None
2026-01-05 08:24:00,MTR-02,Induction,Assembly Line A,1449.2,396.9,11.47,6.78,78.2,72.0,2.64,77.2,90.5,None,None
2026-01-05 08:24:00,MTR-03,Servo,Robotics Cell,1804.7,406.7,8.26,5.0,70.3,63.0,1.31,70.8,90.7,None,None
2026-01-05 08:24:00,MTR-04,Servo,Robotics Cell,1738.1,396.0,8.88,5.24,69.2,70.8,2.15,75.0,90.2,None,None
2026-01-05 08:24:00,MTR-05,Synchronous,Utility Room,1198.1,409.6,12.83,7.83,79.9,73.9,3.17,76.1,90.8,None,None
2026-01-05 08:24:00,MTR-06,Induction,Packaging Line,1483.5,405.0,11.57,6.98,75.4,72.0,2.34,76.5,90.1,None,None
2026-01-05 10:48:00,MTR-01,Induction,Assembly Line A,1473.6,399.2,10.43,6.2,77.1,70.3,1.96,74.2,91.1,None,None
2026-01-05 10:48:00,MTR-02,Induction,Assembly Line A,1472.6,395.9,10.85,6.4,79.2,73.0,2.67,77.8,91.0,None,None
2026-01-05 10:48:00,MTR-03,Servo,Robotics Cell,1804.3,407.1,7.81,4.73,65.6,63.7,1.33,76.0,93.0,None,None
2026-01-05 10:48:00,MTR-04,Servo,Robotics Cell,1796.6,402.4,8.63,5.17,71.3,68.1,1.89,73.6,91.6,None,None
2026-01-05 10:48:00,MTR-05,Synchronous,Utility Room,1153.5,399.9,13.69,8.16,79.5,73.2,3.37,78.2,90.6,None,None
2026-01-05 10:48:00,MTR-06,Induction,Packaging Line,1539.6,402.0,12.28,7.35,80.5,71.9,2.62,77.8,90.5,None,None
2026-01-05 13:12:00,MTR-01,Induction,Assembly Line A,1486.6,401.9,11.98,7.17,78.6,67.4,1.87,73.5,91.7,None,None
2026-01-05 13:12:00,MTR-02,Induction,Assembly Line A,1514.2,400.8,11.84,7.07,78.7,71.8,2.25,73.3,90.5,None,None
2026-01-05 13:12:00,MTR-03,Servo,Robotics Cell,1855.4,393.5,8.51,4.99,74.9,66.3,1.62,75.2,92.8,None,None
2026-01-05 13:12:00,MTR-04,Servo,Robotics Cell,1795.0,405.9,9.47,5.73,73.0,68.4,2.25,74.6,92.4,None,None
2026-01-05 13:12:00,MTR-05,Synchronous,Utility Room,1158.8,398.8,13.28,7.89,80.5,76.2,3.23,75.6,89.6,None,None
2026-01-05 13:12:00,MTR-06,Induction,Packaging Line,1486.4,396.9,11.7,6.92,81.7,69.5,2.58,78.7,90.1,None,None
2026-01-05 15:36:00,MTR-01,Induction,Assembly Line A,1451.5,396.3,11.16,6.59,76.1,69.5,2.14,73.8,91.5,None,None
2026-01-05 15:36:00,MTR-02,Induction,Assembly Line A,1451.7,395.6,11.1,6.54,77.5,70.5,2.16,73.4,90.4,None,None
2026-01-05 15:36:00,MTR-03,Servo,Robotics Cell,1805.1,395.9,8.74,5.15,70.7,61.7,1.54,74.4,91.2,None,None
2026-01-05 15:36:00,MTR-04,Servo,Robotics Cell,1763.6,407.8,8.31,5.05,67.9,72.5,2.05,72.7,90.7,None,None
2026-01-05 15:36:00,MTR-05,Synchronous,Utility Room,1193.8,402.4,13.1,7.85,83.0,74.5,2.7,80.1,89.9,None,None
2026-01-05 15:36:00,MTR-06,Induction,Packaging Line,1490.5,398.0,13.16,7.8,81.7,70.9,2.66,74.8,90.4,None,None
2026-01-05 18:00:00,MTR-01,Induction,Assembly Line A,1499.4,401.0,11.17,6.67,75.0,68.3,2.07,76.1,90.3,None,None
2026-01-05 18:00:00,MTR-02,Induction,Assembly Line A,1486.8,404.8,10.78,6.5,80.2,70.8,2.76,75.2,90.6,None,None
2026-01-05 18:00:00,MTR-03,Servo,Robotics Cell,1816.6,398.0,8.76,5.19,65.6,64.6,1.96,74.5,91.4,None,None
2026-01-05 18:00:00,MTR-04,Servo,Robotics Cell,1730.9,400.8,9.72,5.8,78.5,68.0,2.03,72.9,91.0,None,None
2026-01-05 18:00:00,MTR-05,Synchronous,Utility Room,1196.8,398.9,13.34,7.93,85.3,74.0,3.36,79.7,90.9,None,None
2026-01-05 18:00:00,MTR-06,Induction,Packaging Line,1538.8,394.1,12.36,7.26,78.5,70.5,2.37,76.8,91.0,None,None
2026-01-05 20:24:00,MTR-01,Induction,Assembly Line A,1457.1,398.8,11.62,6.9,76.2,66.7,2.24,72.0,91.1,None,None
2026-01-05 20:24:00,MTR-02,Induction,Assembly Line A,1520.9,401.9,11.31,6.77,77.4,72.1,2.58,77.8,90.6,None,None
2026-01-05 20:24:00,MTR-03,Servo,Robotics Cell,1768.6,401.7,7.45,4.46,71.6,66.5,1.61,73.8,90.9,None,None
2026-01-05 20:24:00,MTR-04,Servo,Robotics Cell,1752.6,397.2,9.08,5.37,69.6,69.5,2.0,76.2,90.6,None,None
2026-01-05 20:24:00,MTR-05,Synchronous,Utility Room,1230.2,401.9,12.9,7.72,83.2,73.6,3.23,77.1,90.9,None,None
2026-01-05 20:24:00,MTR-06,Induction,Packaging Line,1534.5,406.6,11.35,6.87,74.9,75.0,3.17,75.7,89.7,None,None
2026-01-05 22:48:00,MTR-01,Induction,Assembly Line A,1494.9,403.6,10.61,6.38,72.9,67.5,2.21,74.7,90.4,None,None
2026-01-05 22:48:00,MTR-02,Induction,Assembly Line A,1509.7,395.4,12.06,7.1,79.8,72.1,2.17,78.2,92.6,None,None
2026-01-05 22:48:00,MTR-03,Servo,Robotics Cell,1792.4,405.3,8.4,5.07,68.0,63.9,1.76,74.2,91.8,None,None
2026-01-05 22:48:00,MTR-04,Servo,Robotics Cell,1727.3,403.3,9.09,5.46,71.4,66.0,2.13,72.2,91.7,None,None
2026-01-05 22:48:00,MTR-05,Synchronous,Utility Room,1117.6,407.6,13.04,7.91,79.2,71.8,2.82,76.6,90.2,None,None
2026-01-05 22:48:00,MTR-06,Induction,Packaging Line,1566.4,400.1,11.66,6.95,83.6,71.1,2.37,78.0,90.8,None,None
2026-01-06 01:12:00,MTR-01,Induction,Assembly Line A,1488.9,400.6,11.18,6.67,76.9,67.6,2.04,76.1,91.1,None,None
2026-01-06 01:12:00,MTR-02,Induction,Assembly Line A,1492.4,392.5,10.49,6.13,78.8,71.8,2.35,74.4,91.0,None,None
2026-01-06 01:12:00,MTR-03,Servo,Robotics Cell,1803.8,407.0,8.1,4.91,72.7,65.8,1.78,76.3,91.0,None,None
2026-01-06 01:12:00,MTR-04,Servo,Robotics Cell,1790.0,395.2,7.99,4.7,74.4,68.0,1.79,78.5,91.2,None,None
2026-01-06 01:12:00,MTR-05,Synchronous,Utility Room,1214.8,409.1,13.65,8.32,79.4,75.4,3.01,77.4,90.9,None,None
2026-01-06 01:12:00,MTR-06,Induction,Packaging Line,1533.2,398.9,11.4,6.77,80.8,70.8,2.36,78.0,90.6,None,None
2026-01-06 03:36:00,MTR-01,Induction,Assembly Line A,1464.8,398.3,10.14,6.02,76.9,69.2,1.88,75.0,91.6,None,None
2026-01-06 03:36:00,MTR-02,Induction,Assembly Line A,1477.4,406.8,10.91,6.61,79.2,72.9,2.38,77.0,91.8,None,None
2026-01-06 03:36:00,MTR-03,Servo,Robotics Cell,1829.7,398.8,8.22,4.88,67.7,63.4,1.51,77.3,90.8,None,None
2026-01-06 03:36:00,MTR-04,Servo,Robotics Cell,1755.0,399.9,9.71,5.78,70.9,69.9,1.84,78.1,91.0,None,None
2026-01-06 03:36:00,MTR-05,Synchronous,Utility Room,1223.9,404.9,13.24,7.98,81.7,71.2,3.03,74.6,90.7,None,None
2026-01-06 03:36:00,MTR-06,Induction,Packaging Line,1501.8,394.7,12.17,7.15,82.5,72.0,2.93,75.1,91.3,None,None
2026-01-06 06:00:00,MTR-01,Induction,Assembly Line A,1472.2,398.1,10.76,6.38,76.8,65.4,1.64,72.6,90.6,None,None
2026-01-06 06:00:00,MTR-02,Induction,Assembly Line A,1457.8,405.0,11.03,6.65,75.2,71.9,2.56,76.9,91.2,None,None
2026-01-06 06:00:00,MTR-03,Servo,Robotics Cell,1837.5,409.5,7.95,4.85,71.8,64.6,1.43,74.5,90.3,None,None
2026-01-06 06:00:00,MTR-04,Servo,Robotics Cell,1777.8,400.5,9.15,5.46,73.6,68.7,1.96,74.5,91.6,None,None
2026-01-06 06:00:00,MTR-05,Synchronous,Utility Room,1206.8,401.9,13.34,7.99,80.4,71.2,3.04,77.9,91.7,None,None
2026-01-06 06:00:00,MTR-06,Induction,Packaging Line,1532.0,402.6,13.04,7.82,75.4,73.1,2.87,76.3,90.3,None,None
2026-01-06 08:24:00,MTR-01,Induction,Assembly Line A,1464.4,405.8,10.6,6.41,74.9,69.8,1.77,74.6,90.6,None,None
2026-01-06 08:24:00,MTR-02,Induction,Assembly Line A,1514.4,400.8,12.13,7.24,78.2,71.4,2.15,77.7,90.7,None,None
2026-01-06 08:24:00,MTR-03,Servo,Robotics Cell,1818.4,398.2,7.71,4.57,73.8,65.8,1.31,75.1,93.0,None,None
2026-01-06 08:24:00,MTR-04,Servo,Robotics Cell,1786.6,399.6,8.82,5.25,69.5,69.8,1.76,75.6,90.2,None,None
2026-01-06 08:24:00,MTR-05,Synchronous,Utility Room,1224.6,399.1,13.83,8.22,79.5,75.6,3.45,78.0,92.3,None,None
2026-01-06 08:24:00,MTR-06,Induction,Packaging Line,1481.8,403.4,12.23,7.35,77.7,74.1,2.57,75.0,91.1,None,None
2026-01-06 10:48:00,MTR-01,Induction,Assembly Line A,1426.6,402.0,10.93,6.54,76.3,67.4,1.64,75.1,90.9,None,None
2026-01-06 10:48:00,MTR-02,Induction,Assembly Line A,1536.0,396.1,11.31,6.67,76.1,71.7,2.23,76.6,92.1,None,None
2026-01-06 10:48:00,MTR-03,Servo,Robotics Cell,1805.0,401.9,8.16,4.89,69.4,62.0,1.7,74.2,92.9,None,None
2026-01-06 10:48:00,MTR-04,Servo,Robotics Cell,1753.8,399.2,9.99,5.94,70.1,69.3,2.26,79.4,91.5,None,None
2026-01-06 10:48:00,MTR-05,Synchronous,Utility Room,1221.5,406.0,13.02,7.88,75.7,75.0,3.46,75.2,90.5,None,None
2026-01-06 10:48:00,MTR-06,Induction,Packaging Line,1564.3,396.4,11.45,6.76,76.1,72.0,3.01,72.5,91.7,None,None
2026-01-06 13:12:00,MTR-01,Induction,Assembly Line A,1519.8,398.9,10.24,6.08,76.7,68.8,2.05,77.4,91.9,None,None
2026-01-06 13:12:00,MTR-02,Induction,Assembly Line A,1413.0,399.8,11.33,6.75,76.4,70.0,2.77,75.4,90.9,None,None
2026-01-06 13:12:00,MTR-03,Servo,Robotics Cell,1784.5,395.4,8.6,5.06,69.6,66.5,1.36,74.2,90.6,None,None
2026-01-06 13:12:00,MTR-04,Servo,Robotics Cell,1760.0,397.2,8.79,5.2,70.9,71.3,2.36,72.2,90.7,None,None
2026-01-06 13:12:00,MTR-05,Synchronous,Utility Room,1227.6,399.2,12.75,7.58,82.4,73.1,3.83,80.3,89.6,None,None
2026-01-06 13:12:00,MTR-06,Induction,Packaging Line,1491.1,409.0,12.07,7.35,79.5,71.2,2.62,76.6,91.0,None,None
2026-01-06 15:36:00,MTR-01,Induction,Assembly Line A,1441.7,397.1,10.29,6.09,72.1,67.8,1.66,76.1,91.1,None,None
2026-01-06 15:36:00,MTR-02,Induction,Assembly Line A,1458.3,404.3,10.34,6.23,75.9,70.2,2.4,79.1,91.5,None,None
2026-01-06 15:36:00,MTR-03,Servo,Robotics Cell,1807.8,398.9,7.58,4.5,69.3,63.4,2.04,74.3,90.8,None,None
2026-01-06 15:36:00,MTR-04,Servo,Robotics Cell,1792.0,412.2,8.84,5.43,71.0,68.8,2.25,74.0,91.1,None,None
2026-01-06 15:36:00,MTR-05,Synchronous,Utility Room,1190.5,400.8,13.35,7.97,79.3,71.1,2.84,77.5,90.7,None,None
2026-01-06 15:36:00,MTR-06,Induction,Packaging Line,1471.4,398.5,12.33,7.32,81.4,71.3,2.87,76.5,90.7,None,None
2026-01-06 18:00:00,MTR-01,Induction,Assembly Line A,1483.8,403.8,11.9,7.16,76.4,73.8,2.1,73.2,89.8,None,None
2026-01-06 18:00:00,MTR-02,Induction,Assembly Line A,1469.3,404.5,10.75,6.48,78.0,73.5,2.4,74.1,90.8,None,None
2026-01-06 18:00:00,MTR-03,Servo,Robotics Cell,1791.6,406.1,8.12,4.91,63.4,68.0,1.58,74.1,92.0,None,None
2026-01-06 18:00:00,MTR-04,Servo,Robotics Cell,1763.5,399.2,9.8,5.83,69.0,69.6,1.79,74.7,89.8,None,None
2026-01-06 18:00:00,MTR-05,Synchronous,Utility Room,1197.5,404.0,13.16,7.92,82.5,76.5,2.93,77.5,90.4,None,None
2026-01-06 18:00:00,MTR-06,Induction,Packaging Line,1491.1,405.5,13.01,7.86,81.6,76.7,2.71,77.2,91.5,None,None
2026-01-06 20:24:00,MTR-01,Induction,Assembly Line A,1463.4,397.2,10.72,6.34,71.6,70.5,2.04,74.7,90.6,None,None
2026-01-06 20:24:00,MTR-02,Induction,Assembly Line A,1505.5,397.4,11.84,7.01,78.7,72.4,2.48,75.2,91.1,None,None
2026-01-06 20:24:00,MTR-03,Servo,Robotics Cell,1818.6,406.7,8.73,5.29,70.5,62.5,1.91,73.7,90.9,None,None
2026-01-06 20:24:00,MTR-04,Servo,Robotics Cell,1753.1,404.2,8.02,4.83,73.6,69.2,1.98,76.9,91.7,None,None
2026-01-06 20:24:00,MTR-05,Synchronous,Utility Room,1254.0,392.4,14.14,8.27,79.2,73.8,3.24,79.6,91.2,None,None
2026-01-06 20:24:00,MTR-06,Induction,Packaging Line,1535.9,402.1,12.29,7.36,74.3,70.9,2.62,75.5,90.0,None,None
2026-01-06 22:48:00,MTR-01,Induction,Assembly Line A,1473.5,408.0,10.87,6.61,73.9,70.4,1.88,72.9,90.6,None,None
2026-01-06 22:48:00,MTR-02,Induction,Assembly Line A,1516.3,404.4,13.2,7.95,76.2,72.5,2.62,77.3,90.3,None,None
2026-01-06 22:48:00,MTR-03,Servo,Robotics Cell,1863.1,401.5,8.31,4.97,71.6,66.2,1.87,75.6,92.5,None,None
2026-01-06 22:48:00,MTR-04,Servo,Robotics Cell,1749.7,406.0,8.53,5.16,72.3,67.7,2.29,72.5,91.6,None,None
2026-01-06 22:48:00,MTR-05,Synchronous,Utility Room,1252.3,396.0,14.37,8.47,76.2,74.3,2.99,75.6,90.5,None,None
2026-01-06 22:48:00,MTR-06,Induction,Packaging Line,1502.6,400.5,12.31,7.34,78.1,73.0,2.64,74.8,91.5,None,None
2026-01-07 01:12:00,MTR-01,Induction,Assembly Line A,1452.0,403.8,10.3,6.2,74.1,70.3,2.1,74.7,91.3,None,None
2026-01-07 01:12:00,MTR-02,Induction,Assembly Line A,1508.1,399.2,11.58,6.88,80.1,73.6,2.72,75.7,90.5,None,None
2026-01-07 01:12:00,MTR-03,Servo,Robotics Cell,1772.0,397.7,11.67,6.91,70.6,75.3,3.77,79.7,87.3,Misalignment,Low
2026-01-07 01:12:00,MTR-04,Servo,Robotics Cell,1758.3,400.3,9.38,5.59,71.0,68.4,1.92,76.1,91.2,None,None
2026-01-07 01:12:00,MTR-05,Synchronous,Utility Room,1192.6,395.2,13.61,8.01,81.2,73.2,2.94,76.6,90.9,None,None
2026-01-07 01:12:00,MTR-06,Induction,Packaging Line,1504.8,396.7,11.71,6.92,82.3,71.6,2.63,77.6,91.2,None,None
2026-01-07 03:36:00,MTR-01,Induction,Assembly Line A,1462.3,394.5,10.1,5.93,76.5,69.0,2.39,75.3,91.2,None,None
2026-01-07 03:36:00,MTR-02,Induction,Assembly Line A,1445.0,398.6,11.59,6.88,77.5,73.1,2.73,76.5,91.4,None,None
2026-01-07 03:36:00,MTR-03,Servo,Robotics Cell,1811.0,401.5,8.19,4.9,72.3,63.5,1.63,74.7,91.3,None,None
2026-01-07 03:36:00,MTR-04,Servo,Robotics Cell,1804.6,398.0,8.84,5.24,72.3,66.6,2.09,76.4,91.8,None,None
2026-01-07 03:36:00,MTR-05,Synchronous,Utility Room,1203.5,399.8,12.57,7.49,82.7,73.1,3.24,78.2,90.5,None,None
2026-01-07 03:36:00,MTR-06,Induction,Packaging Line,1564.8,402.5,12.3,7.37,82.2,71.8,2.91,75.2,89.9,None,None
2026-01-07 06:00:00,MTR-01,Induction,Assembly Line A,1481.1,398.2,11.41,6.77,72.3,69.4,2.38,75.3,90.4,None,None
2026-01-07 06:00:00,MTR-02,Induction,Assembly Line A,1482.7,400.1,11.48,6.84,76.7,68.3,2.4,76.1,90.8,None,None
2026-01-07 06:00:00,MTR-03,Servo,Robotics Cell,1847.2,398.8,8.62,5.12,76.5,64.8,1.29,75.4,91.6,None,None
2026-01-07 06:00:00,MTR-04,Servo,Robotics Cell,1780.5,405.0,9.64,5.82,74.0,72.5,2.06,72.8,91.7,None,None
2026-01-07 06:00:00,MTR-05,Synchronous,Utility Room,1173.4,398.9,14.02,8.33,86.6,74.0,3.03,80.0,90.4,None,None
2026-01-07 06:00:00,MTR-06,Induction,Packaging Line,1522.3,396.0,12.62,7.44,84.0,74.9,2.83,78.6,90.9,None,None
2026-01-07 08:24:00,MTR-01,Induction,Assembly Line A,1523.3,399.2,10.59,6.3,74.8,71.3,1.72,73.4,91.8,None,None
2026-01-07 08:24:00,MTR-02,Induction,Assembly Line A,1459.8,392.7,11.31,6.61,76.7,73.1,2.92,77.4,90.0,None,None
2026-01-07 08:24:00,MTR-03,Servo,Robotics Cell,1839.9,401.1,8.29,4.95,64.8,62.9,1.17,72.6,91.5,None,None
2026-01-07 08:24:00,MTR-04,Servo,Robotics Cell,1795.9,408.8,9.44,5.75,72.5,70.1,1.75,75.8,90.9,None,None
2026-01-07 08:24:00,MTR-05,Synchronous,Utility Room,1171.7,399.3,13.06,7.77,79.9,72.2,3.75,77.8,91.0,None,None
2026-01-07 08:24:00,MTR-06,Induction,Packaging Line,1484.8,400.3,11.92,7.11,72.1,72.2,2.29,77.1,89.9,None,None
2026-01-07 10:48:00,MTR-01,Induction,Assembly Line A,1470.4,401.5,11.57,6.92,73.7,68.8,2.16,71.3,91.3,None,None
2026-01-07 10:48:00,MTR-02,Induction,Assembly Line A,1495.0,402.4,11.0,6.59,76.4,71.8,2.61,77.5,90.4,None,None
2026-01-07 10:48:00,MTR-03,Servo,Robotics Cell,1813.1,399.0,7.84,4.66,69.9,64.1,2.03,75.4,91.1,None,None
2026-01-07 10:48:00,MTR-04,Servo,Robotics Cell,1773.2,399.6,9.61,5.72,73.8,64.8,2.15,77.4,92.5,None,None
2026-01-07 10:48:00,MTR-05,Synchronous,Utility Room,1194.4,397.4,13.76,8.15,80.1,70.7,2.81,76.8,91.6,None,None
2026-01-07 10:48:00,MTR-06,Induction,Packaging Line,1488.8,396.1,10.29,6.07,81.9,71.2,2.66,75.3,91.2,None,None
2026-01-07 13:12:00,MTR-01,Induction,Assembly Line A,1450.4,398.5,11.3,6.71,78.3,66.3,2.01,74.1,91.1,None,None
2026-01-07 13:12:00,MTR-02,Induction,Assembly Line A,1472.6,397.6,10.94,6.48,75.0,72.0,2.49,71.9,91.2,None,None
2026-01-07 13:12:00,MTR-03,Servo,Robotics Cell,1798.5,396.5,8.76,5.17,65.1,63.9,1.33,74.1,91.6,None,None
2026-01-07 13:12:00,MTR-04,Servo,Robotics Cell,1764.7,400.0,9.39,5.6,73.3,69.7,1.9,74.3,90.5,None,None
2026-01-07 13:12:00,MTR-05,Synchronous,Utility Room,1200.8,405.8,12.33,7.45,81.1,75.0,3.05,78.9,90.1,None,None
2026-01-07 13:12:00,MTR-06,Induction,Packaging Line,1538.7,405.0,11.44,6.9,79.7,73.5,2.95,75.6,90.3,None,None
2026-01-07 15:36:00,MTR-01,Induction,Assembly Line A,1512.4,399.3,10.42,6.2,76.0,68.3,2.06,75.3,90.5,None,None
2026-01-07 15:36:00,MTR-02,Induction,Assembly Line A,1454.1,400.1,11.34,6.76,73.6,72.2,2.53,75.5,89.9,None,None
2026-01-07 15:36:00,MTR-03,Servo,Robotics Cell,1844.3,402.0,9.43,5.64,70.4,67.0,1.96,79.2,92.1,None,None
2026-01-07 15:36:00,MTR-04,Servo,Robotics Cell,1698.6,399.8,12.05,7.18,72.0,75.4,3.95,83.2,85.0,Bearing Wear,Low
2026-01-07 15:36:00,MTR-05,Synchronous,Utility Room,1171.9,394.2,12.88,7.56,80.1,73.9,2.91,76.6,89.3,None,None
2026-01-07 15:36:00,MTR-06,Induction,Packaging Line,1479.5,397.0,12.25,7.24,79.7,73.1,2.96,74.7,90.2,None,None
2026-01-07 18:00:00,MTR-01,Induction,Assembly Line A,1545.5,408.4,10.33,6.29,78.8,68.2,1.63,73.9,91.5,None,None
2026-01-07 18:00:00,MTR-02,Induction,Assembly Line A,1489.8,397.3,11.84,7.01,78.1,71.2,2.26,75.5,91.2,None,None
2026-01-07 18:00:00,MTR-03,Servo,Robotics Cell,1804.3,400.5,7.84,4.68,69.7,65.4,1.44,73.0,91.8,None,None
2026-01-07 18:00:00,MTR-04,Servo,Robotics Cell,1805.3,403.3,9.49,5.7,71.2,73.8,1.52,74.4,91.8,None,None
2026-01-07 18:00:00,MTR-05,Synchronous,Utility Room,1219.7,399.6,13.33,7.94,87.5,72.2,3.51,80.9,90.8,None,None
2026-01-07 18:00:00,MTR-06,Induction,Packaging Line,1493.1,391.6,12.16,7.09,74.0,75.5,2.44,78.2,90.8,None,None
2026-01-07 20:24:00,MTR-01,Induction,Assembly Line A,1456.7,390.3,10.71,6.23,71.4,66.8,1.87,73.4,91.2,None,None
2026-01-07 20:24:00,MTR-02,Induction,Assembly Line A,1471.3,399.7,11.73,6.99,74.6,71.7,2.37,73.2,90.6,None,None
2026-01-07 20:24:00,MTR-03,Servo,Robotics Cell,1779.2,394.8,7.71,4.54,72.7,65.4,1.65,76.1,92.1,None,None
2026-01-07 20:24:00,MTR-04,Servo,Robotics Cell,1758.9,400.6,8.95,5.34,74.4,68.8,1.96,75.7,90.7,None,None
2026-01-07 20:24:00,MTR-05,Synchronous,Utility Room,1165.0,396.8,13.08,7.73,83.9,77.9,3.03,75.7,90.0,None,None
2026-01-07 20:24:00,MTR-06,Induction,Packaging Line,1483.2,398.6,12.23,7.26,75.2,76.0,2.34,75.5,90.3,None,None
2026-01-07 22:48:00,MTR-01,Induction,Assembly Line A,1534.6,394.2,10.2,5.99,76.6,72.0,2.73,72.9,91.0,None,None
2026-01-07 22:48:00,MTR-02,Induction,Assembly Line A,1467.7,395.3,11.82,6.96,76.1,72.8,2.27,75.5,89.7,None,None
2026-01-07 22:48:00,MTR-03,Servo,Robotics Cell,1825.9,404.9,8.71,5.25,69.3,65.4,1.92,70.0,91.3,None,None
2026-01-07 22:48:00,MTR-04,Servo,Robotics Cell,1790.8,394.9,8.17,4.8,73.1,69.7,2.82,77.5,90.9,None,None
2026-01-07 22:48:00,MTR-05,Synchronous,Utility Room,1186.4,391.6,12.58,7.34,85.9,76.8,3.27,77.3,91.9,None,None
2026-01-07 22:48:00,MTR-06,Induction,Packaging Line,1510.0,391.8,12.01,7.01,78.8,70.5,2.7,78.7,91.2,None,None
2026-01-08 01:12:00,MTR-01,Induction,Assembly Line A,1447.4,398.9,11.23,6.67,75.2,69.5,1.91,74.8,90.3,None,None
2026-01-08 01:12:00,MTR-02,Induction,Assembly Line A,1513.1,396.8,12.08,7.14,78.5,69.0,2.19,77.3,92.2,None,None
2026-01-08 01:12:00,MTR-03,Servo,Robotics Cell,1864.0,393.5,8.98,5.26,66.1,62.6,1.31,73.8,91.3,None,None
2026-01-08 01:12:00,MTR-04,Servo,Robotics Cell,1721.7,406.2,9.01,5.45,67.8,69.5,2.11,77.3,90.7,None,None
2026-01-08 01:12:00,MTR-05,Synchronous,Utility Room,1199.5,397.4,13.04,7.72,77.1,71.0,2.73,74.1,91.4,None,None
2026-01-08 01:12:00,MTR-06,Induction,Packaging Line,1511.9,402.5,12.26,7.35,80.2,72.5,2.75,74.0,90.4,None,None
2026-01-08 03:36:00,MTR-01,Induction,Assembly Line A,1481.5,397.5,11.06,6.55,75.8,70.5,2.04,75.6,91.3,None,None
2026-01-08 03:36:00,MTR-02,Induction,Assembly Line A,1446.7,399.8,10.29,6.13,77.5,68.0,2.53,75.4,90.2,None,None
2026-01-08 03:36:00,MTR-03,Servo,Robotics Cell,1839.0,404.7,7.96,4.8,67.6,64.6,1.59,77.2,89.6,None,None
2026-01-08 03:36:00,MTR-04,Servo,Robotics Cell,1702.8,398.6,9.75,5.79,70.5,70.7,2.36,76.3,92.9,None,None
2026-01-08 03:36:00,MTR-05,Synchronous,Utility Room,1179.5,407.8,13.0,7.9,80.2,70.9,3.42,79.7,90.0,None,None
2026-01-08 03:36:00,MTR-06,Induction,Packaging Line,1512.6,406.7,12.28,7.44,82.9,72.3,2.4,79.0,91.4,None,None
2026-01-08 06:00:00,MTR-01,Induction,Assembly Line A,1483.9,399.6,11.95,7.11,78.7,71.5,2.1,73.6,90.5,None,None
2026-01-08 06:00:00,MTR-02,Induction,Assembly Line A,1516.4,400.6,12.18,7.27,84.3,71.7,2.47,77.9,90.3,None,None
2026-01-08 06:00:00,MTR-03,Servo,Robotics Cell,1789.6,398.8,8.13,4.83,68.9,63.5,1.62,75.3,91.4,None,None
2026-01-08 06:00:00,MTR-04,Servo,Robotics Cell,1747.7,404.3,9.07,5.46,71.9,72.8,1.97,77.7,91.7,None,None
2026-01-08 06:00:00,MTR-05,Synchronous,Utility Room,1196.6,400.5,13.01,7.76,80.2,70.4,2.95,78.5,90.5,None,None
2026-01-08 06:00:00,MTR-06,Induction,Packaging Line,1474.0,394.2,10.43,6.12,78.2,74.3,2.86,76.6,90.0,None,None
2026-01-08 08:24:00,MTR-01,Induction,Assembly Line A,1488.4,392.1,11.31,6.61,75.9,69.5,1.72,74.2,91.5,None,None
2026-01-08 08:24:00,MTR-02,Induction,Assembly Line A,1500.7,402.4,12.53,7.51,77.6,73.1,2.1,78.5,90.8,None,None
2026-01-08 08:24:00,MTR-03,Servo,Robotics Cell,1819.8,392.2,8.45,4.94,67.5,63.8,1.92,75.3,92.4,None,None
2026-01-08 08:24:00,MTR-04,Servo,Robotics Cell,1767.3,401.6,8.99,5.38,68.9,68.4,2.02,72.2,91.8,None,None
2026-01-08 08:24:00,MTR-05,Synchronous,Utility Room,1182.9,406.3,12.57,7.61,80.2,75.0,3.11,77.6,90.1,None,None
2026-01-08 08:24:00,MTR-06,Induction,Packaging Line,1531.9,401.2,12.37,7.39,81.9,72.4,3.0,77.5,90.0,None,None
2026-01-08 10:48:00,MTR-01,Induction,Assembly Line A,1472.1,398.9,10.88,6.47,76.5,71.3,1.36,74.6,91.4,None,None
2026-01-08 10:48:00,MTR-02,Induction,Assembly Line A,1504.7,397.1,11.56,6.83,77.5,71.1,2.98,79.6,91.0,None,None
2026-01-08 10:48:00,MTR-03,Servo,Robotics Cell,1785.2,396.8,8.89,5.25,71.5,67.3,1.31,73.4,91.5,None,None
2026-01-08 10:48:00,MTR-04,Servo,Robotics Cell,1778.1,403.8,8.12,4.89,70.0,69.5,2.21,75.3,92.2,None,None
2026-01-08 10:48:00,MTR-05,Synchronous,Utility Room,1185.4,401.5,13.45,8.04,80.5,77.5,3.17,73.8,91.5,None,None
2026-01-08 10:48:00,MTR-06,Induction,Packaging Line,1523.0,401.3,12.91,7.72,78.7,69.7,3.01,75.5,91.6,None,None
2026-01-08 13:12:00,MTR-01,Induction,Assembly Line A,1425.8,401.5,11.75,7.03,73.1,65.9,2.22,74.4,91.3,None,None
2026-01-08 13:12:00,MTR-02,Induction,Assembly Line A,1521.0,398.5,11.27,6.69,79.1,73.4,2.37,75.9,89.9,None,None
2026-01-08 13:12:00,MTR-03,Servo,Robotics Cell,1775.1,402.2,7.13,4.27,69.1,63.8,1.64,74.9,91.4,None,None
2026-01-08 13:12:00,MTR-04,Servo,Robotics Cell,1782.7,397.6,8.13,4.82,69.9,69.3,2.41,72.9,92.9,None,None
2026-01-08 13:12:00,MTR-05,Synchronous,Utility Room,1241.2,397.7,13.6,8.06,83.3,72.5,3.1,78.4,91.4,None,None
2026-01-08 13:12:00,MTR-06,Induction,Packaging Line,1496.1,404.6,11.88,7.16,73.0,71.5,2.54,77.6,92.1,None,None
2026-01-08 15:36:00,MTR-01,Induction,Assembly Line A,1511.4,402.6,11.75,7.05,77.8,70.7,2.11,78.1,91.6,None,None
2026-01-08 15:36:00,MTR-02,Induction,Assembly Line A,1510.2,406.6,11.03,6.68,77.6,72.0,2.26,75.6,91.5,None,None
2026-01-08 15:36:00,MTR-03,Servo,Robotics Cell,1828.0,397.1,8.22,4.86,68.5,65.3,2.03,75.6,92.4,None,None
2026-01-08 15:36:00,MTR-04,Servo,Robotics Cell,1725.9,400.2,9.03,5.38,74.4,66.9,2.81,74.3,90.9,None,None
2026-01-08 15:36:00,MTR-05,Synchronous,Utility Room,1269.5,398.4,12.32,7.31,79.7,71.0,3.47,77.1,90.8,None,None
2026-01-08 15:36:00,MTR-06,Induction,Packaging Line,1515.7,402.6,11.76,7.05,81.4,72.6,2.75,74.5,90.3,None,None
2026-01-08 18:00:00,MTR-01,Induction,Assembly Line A,1476.9,396.9,11.34,6.71,77.6,66.5,2.2,74.7,92.1,None,None
2026-01-08 18:00:00,MTR-02,Induction,Assembly Line A,1453.2,393.8,11.77,6.9,79.6,75.3,2.84,72.6,92.0,None,None
2026-01-08 18:00:00,MTR-03,Servo,Robotics Cell,1813.4,399.4,7.65,4.55,70.6,66.8,1.82,73.6,92.0,None,None
2026-01-08 18:00:00,MTR-04,Servo,Robotics Cell,1791.5,394.6,9.22,5.42,72.0,66.2,2.33,72.3,90.7,None,None
2026-01-08 18:00:00,MTR-05,Synchronous,Utility Room,1178.0,402.1,13.15,7.87,77.2,74.4,3.18,76.4,89.6,None,None
2026-01-08 18:00:00,MTR-06,Induction,Packaging Line,1522.3,398.3,11.47,6.81,76.5,76.1,2.46,74.4,90.7,None,None
2026-01-08 20:24:00,MTR-01,Induction,Assembly Line A,1495.5,392.9,10.76,6.3,74.0,66.4,1.87,77.7,91.7,None,None
2026-01-08 20:24:00,MTR-02,Induction,Assembly Line A,1481.5,404.9,11.8,7.12,80.1,69.2,2.65,72.2,90.8,None,None
2026-01-08 20:24:00,MTR-03,Servo,Robotics Cell,1782.4,399.3,8.17,4.86,69.9,65.7,1.44,69.7,90.8,None,None
2026-01-08 20:24:00,MTR-04,Servo,Robotics Cell,1752.7,406.8,9.5,5.76,76.4,70.7,1.79,78.3,90.7,None,None
2026-01-08 20:24:00,MTR-05,Synchronous,Utility Room,1241.4,406.0,12.83,7.76,84.4,73.6,2.9,74.8,90.2,None,None
2026-01-08 20:24:00,MTR-06,Induction,Packaging Line,1514.4,401.1,11.93,7.13,82.1,71.3,2.86,76.2,90.5,None,None
2026-01-08 22:48:00,MTR-01,Induction,Assembly Line A,1475.9,394.5,10.43,6.13,76.5,69.1,2.29,76.1,89.7,None,None
2026-01-08 22:48:00,MTR-02,Induction,Assembly Line A,1476.0,404.0,12.04,7.24,78.0,73.9,2.72,77.9,91.5,None,None
2026-01-08 22:48:00,MTR-03,Servo,Robotics Cell,1867.1,402.6,8.24,4.94,67.3,64.5,1.88,73.1,91.4,None,None
2026-01-08 22:48:00,MTR-04,Servo,Robotics Cell,1774.4,404.6,7.4,4.46,71.3,69.2,2.38,76.9,90.4,None,None
2026-01-08 22:48:00,MTR-05,Synchronous,Utility Room,1172.8,398.6,13.61,8.08,81.7,72.5,3.12,77.9,90.9,None,None
2026-01-08 22:48:00,MTR-06,Induction,Packaging Line,1540.6,405.5,12.71,7.68,73.0,73.8,2.7,76.3,90.7,None,None
2026-01-09 01:12:00,MTR-01,Induction,Assembly Line A,1486.6,407.3,9.67,5.86,76.7,67.4,2.15,72.2,92.3,None,None
2026-01-09 01:12:00,MTR-02,Induction,Assembly Line A,1483.4,394.5,10.97,6.45,79.8,71.0,2.56,78.6,91.0,None,None
2026-01-09 01:12:00,MTR-03,Servo,Robotics Cell,1887.5,401.8,7.81,4.67,68.4,64.3,1.73,73.7,91.2,None,None
2026-01-09 01:12:00,MTR-04,Servo,Robotics Cell,1771.6,391.5,9.72,5.67,72.6,71.6,1.98,76.1,91.1,None,None
2026-01-09 01:12:00,MTR-05,Synchronous,Utility Room,1184.6,394.9,12.34,7.26,83.0,73.3,3.3,74.7,90.8,None,None
2026-01-09 01:12:00,MTR-06,Induction,Packaging Line,1516.8,403.7,11.94,7.18,78.1,73.7,2.36,74.3,89.1,None,None
2026-01-09 03:36:00,MTR-01,Induction,Assembly Line A,1459.0,403.7,11.39,6.85,75.4,68.9,2.06,75.5,90.7,None,None
2026-01-09 03:36:00,MTR-02,Induction,Assembly Line A,1483.5,402.7,11.37,6.82,81.4,73.8,2.66,73.9,91.1,None,None
2026-01-09 03:36:00,MTR-03,Servo,Robotics Cell,1810.0,398.0,7.47,4.43,71.9,64.6,1.55,73.6,91.7,None,None
2026-01-09 03:36:00,MTR-04,Servo,Robotics Cell,1777.4,392.6,8.09,4.73,76.7,69.2,2.05,75.7,90.8,None,None
2026-01-09 03:36:00,MTR-05,Synchronous,Utility Room,1192.4,407.4,13.5,8.19,79.3,70.1,3.26,75.9,91.1,None,None
2026-01-09 03:36:00,MTR-06,Induction,Packaging Line,1484.7,401.5,11.77,7.04,76.7,69.9,3.34,76.3,90.1,None,None
2026-01-09 06:00:00,MTR-01,Induction,Assembly Line A,1485.7,404.5,10.22,6.16,76.3,68.2,2.37,73.7,90.7,None,None
2026-01-09 06:00:00,MTR-02,Induction,Assembly Line A,1502.5,402.5,10.93,6.55,78.2,72.3,2.15,74.9,91.8,None,None
2026-01-09 06:00:00,MTR-03,Servo,Robotics Cell,1835.5,398.9,7.89,4.69,70.3,62.5,1.45,74.2,91.0,None,None
2026-01-09 06:00:00,MTR-04,Servo,Robotics Cell,1766.5,400.9,9.65,5.76,67.6,70.5,2.21,76.5,90.0,None,None
2026-01-09 06:00:00,MTR-05,Synchronous,Utility Room,1154.6,395.0,15.6,9.18,82.1,79.0,5.39,83.8,84.3,Electrical Overload,Low
2026-01-09 06:00:00,MTR-06,Induction,Packaging Line,1505.1,405.9,11.96,7.23,81.4,75.8,2.59,77.2,91.6,None,None
2026-01-09 08:24:00,MTR-01,Induction,Assembly Line A,1475.3,406.0,11.27,6.82,70.8,69.9,2.14,79.2,91.2,None,None
2026-01-09 08:24:00,MTR-02,Induction,Assembly Line A,1502.5,399.7,11.51,6.85,73.3,72.6,2.32,76.1,90.8,None,None
2026-01-09 08:24:00,MTR-03,Servo,Robotics Cell,1773.5,403.7,7.94,4.77,69.0,62.9,1.33,75.0,92.5,None,None
2026-01-09 08:24:00,MTR-04,Servo,Robotics Cell,1754.5,402.6,9.11,5.46,73.0,70.4,1.79,75.2,90.3,None,None
2026-01-09 08:24:00,MTR-05,Synchronous,Utility Room,1204.5,403.4,13.38,8.04,82.3,75.5,3.03,79.1,90.7,None,None
2026-01-09 08:24:00,MTR-06,Induction,Packaging Line,1502.4,400.0,10.64,6.34,82.6,72.0,2.97,78.0,90.8,None,None
2026-01-09 10:48:00,MTR-01,Induction,Assembly Line A,1462.2,400.5,11.52,6.87,76.9,65.5,1.69,72.1,90.7,None,None
2026-01-09 10:48:00,MTR-02,Induction,Assembly Line A,1533.9,401.7,10.77,6.45,80.6,68.6,2.47,78.8,90.9,None,None
2026-01-09 10:48:00,MTR-03,Servo,Robotics Cell,1850.0,391.9,9.28,5.42,69.4,68.7,0.92,74.0,91.0,None,None
2026-01-09 10:48:00,MTR-04,Servo,Robotics Cell,1785.0,401.6,8.29,4.96,70.3,68.7,2.32,75.6,90.1,None,None
2026-01-09 10:48:00,MTR-05,Synchronous,Utility Room,1234.7,403.2,12.96,7.78,75.7,72.2,3.09,75.8,89.9,None,None
2026-01-09 10:48:00,MTR-06,Induction,Packaging Line,1489.9,397.9,11.38,6.75,78.3,73.5,2.77,77.5,90.6,None,None
2026-01-09 13:12:00,MTR-01,Induction,Assembly Line A,1482.7,393.6,9.53,5.59,76.1,68.4,1.88,75.8,91.8,None,None
2026-01-09 13:12:00,MTR-02,Induction,Assembly Line A,1503.2,394.0,12.02,7.05,78.2,70.7,2.72,74.5,91.1,None,None
2026-01-09 13:12:00,MTR-03,Servo,Robotics Cell,1842.7,399.5,7.7,4.58,75.0,64.0,1.73,72.1,90.4,None,None
2026-01-09 13:12:00,MTR-04,Servo,Robotics Cell,1712.5,400.5,9.41,5.61,69.3,70.1,2.25,75.2,91.0,None,None
2026-01-09 13:12:00,MTR-05,Synchronous,Utility Room,1255.6,397.0,14.25,8.43,85.8,74.0,3.09,74.5,90.6,None,None
2026-01-09 13:12:00,MTR-06,Induction,Packaging Line,1520.5,400.4,11.39,6.8,79.2,72.1,2.64,79.6,90.1,None,None
2026-01-09 15:36:00,MTR-01,Induction,Assembly Line A,1481.4,402.4,10.41,6.24,77.1,67.9,2.05,76.5,91.0,None,None
2026-01-09 15:36:00,MTR-02,Induction,Assembly Line A,1501.3,398.8,11.14,6.62,75.4,74.2,2.76,74.6,91.4,None,None
2026-01-09 15:36:00,MTR-03,Servo,Robotics Cell,1816.2,398.2,8.5,5.04,69.0,67.5,1.74,71.5,90.6,None,None
2026-01-09 15:36:00,MTR-04,Servo,Robotics Cell,1723.0,396.2,9.15,5.4,68.5,69.1,2.87,72.8,91.2,None,None
2026-01-09 15:36:00,MTR-05,Synchronous,Utility Room,1207.7,394.8,12.67,7.45,80.3,71.7,3.42,80.1,90.8,None,None
2026-01-09 15:36:00,MTR-06,Induction,Packaging Line,1494.4,401.2,11.88,7.1,77.6,72.3,2.78,75.5,91.5,None,None
2026-01-09 18:00:00,MTR-01,Induction,Assembly Line A,1471.7,403.7,9.7,5.84,77.6,65.9,1.63,70.8,90.8,None,None
2026-01-09 18:00:00,MTR-02,Induction,Assembly Line A,1518.9,392.3,12.01,7.02,75.2,70.8,2.45,76.7,91.4,None,None
2026-01-09 18:00:00,MTR-03,Servo,Robotics Cell,1771.8,403.7,7.6,4.57,67.0,66.9,2.06,73.8,91.8,None,None
2026-01-09 18:00:00,MTR-04,Servo,Robotics Cell,1750.3,403.8,8.85,5.32,71.1,68.9,1.99,72.7,90.8,None,None
2026-01-09 18:00:00,MTR-05,Synchronous,Utility Room,1172.6,400.2,13.45,8.02,85.8,71.7,2.94,75.9,91.6,None,None
2026-01-09 18:00:00,MTR-06,Induction,Packaging Line,1520.1,401.0,12.35,7.38,74.8,72.8,2.82,75.8,90.1,None,None
2026-01-09 20:24:00,MTR-01,Induction,Assembly Line A,1480.5,404.9,11.53,6.95,74.3,68.1,2.34,75.2,90.7,None,None
2026-01-09 20:24:00,MTR-02,Induction,Assembly Line A,1493.2,394.3,11.41,6.7,78.5,73.7,2.92,77.3,90.2,None,None
2026-01-09 20:24:00,MTR-03,Servo,Robotics Cell,1806.1,395.1,8.04,4.73,74.4,63.3,1.52,75.9,91.0,None,None
2026-01-09 20:24:00,MTR-04,Servo,Robotics Cell,1775.7,398.9,8.96,5.33,75.3,66.1,2.23,73.9,91.8,None,None
2026-01-09 20:24:00,MTR-05,Synchronous,Utility Room,1147.0,394.9,15.72,9.25,79.2,79.9,5.25,84.2,85.1,Bearing Wear,Low
2026-01-09 20:24:00,MTR-06,Induction,Packaging Line,1559.4,390.0,12.66,7.35,82.0,70.7,3.0,72.4,90.7,None,None
2026-01-09 22:48:00,MTR-01,Induction,Assembly Line A,1450.1,398.4,11.24,6.67,76.9,71.2,1.65,75.7,90.6,None,None
2026-01-09 22:48:00,MTR-02,Induction,Assembly Line A,1510.3,403.5,11.7,7.03,77.8,71.0,2.35,72.6,91.2,None,None
2026-01-09 22:48:00,MTR-03,Servo,Robotics Cell,1865.2,395.4,8.2,4.83,73.0,63.3,1.51,75.6,92.6,None,None
2026-01-09 22:48:00,MTR-04,Servo,Robotics Cell,1731.3,399.9,9.29,5.54,71.2,68.6,1.96,76.2,91.6,None,None
2026-01-09 22:48:00,MTR-05,Synchronous,Utility Room,1191.1,398.0,13.62,8.07,82.9,70.0,3.49,77.4,91.1,None,None
2026-01-09 22:48:00,MTR-06,Induction,Packaging Line,1500.6,391.3,11.27,6.57,75.1,74.6,2.61,76.3,91.1,None,None
2026-01-10 01:12:00,MTR-01,Induction,Assembly Line A,1423.7,404.2,10.47,6.3,75.3,67.1,1.73,73.8,91.6,None,None
2026-01-10 01:12:00,MTR-02,Induction,Assembly Line A,1452.5,402.9,12.63,7.58,74.7,71.2,2.48,76.6,92.4,None,None
2026-01-10 01:12:00,MTR-03,Servo,Robotics Cell,1825.2,396.5,7.65,4.52,69.9,62.0,1.49,74.6,90.2,None,None
2026-01-10 01:12:00,MTR-04,Servo,Robotics Cell,1772.8,396.5,9.22,5.44,73.6,69.4,1.63,75.3,91.6,None,None
2026-01-10 01:12:00,MTR-05,Synchronous,Utility Room,1174.4,395.4,13.06,7.69,80.1,74.4,2.95,78.3,89.0,None,None
2026-01-10 01:12:00,MTR-06,Induction,Packaging Line,1498.3,401.3,11.68,6.98,78.5,69.3,2.59,77.6,91.2,None,None
2026-01-10 03:36:00,MTR-01,Induction,Assembly Line A,1485.1,405.9,10.61,6.42,76.7,65.4,2.27,74.4,92.1,None,None
2026-01-10 03:36:00,MTR-02,Induction,Assembly Line A,1467.6,397.5,11.47,6.79,83.5,73.5,2.95,76.8,90.7,None,None
2026-01-10 03:36:00,MTR-03,Servo,Robotics Cell,1851.4,397.4,7.43,4.4,74.6,64.9,1.02,76.2,91.4,None,None
2026-01-10 03:36:00,MTR-04,Servo,Robotics Cell,1704.6,405.7,9.33,5.64,70.8,66.9,1.9,75.6,91.7,None,None
2026-01-10 03:36:00,MTR-05,Synchronous,Utility Room,1195.2,396.3,12.84,7.58,79.9,67.6,2.85,79.1,90.2,None,None
2026-01-10 03:36:00,MTR-06,Induction,Packaging Line,1504.3,400.3,11.74,7.0,81.2,73.8,2.77,75.4,89.8,None,None
2026-01-10 06:00:00,MTR-01,Induction,Assembly Line A,1484.8,408.8,11.94,7.27,76.6,68.1,2.04,76.9,90.7,None,None
2026-01-10 06:00:00,MTR-02,Induction,Assembly Line A,1474.0,392.0,12.27,7.16,77.5,72.8,3.1,73.5,92.0,None,None
2026-01-10 06:00:00,MTR-03,Servo,Robotics Cell,1845.7,399.5,8.02,4.77,72.6,61.5,1.75,75.4,92.8,None,None
2026-01-10 06:00:00,MTR-04,Servo,Robotics Cell,1709.8,395.3,7.96,4.69,70.4,67.4,2.48,78.9,91.4,None,None
2026-01-10 06:00:00,MTR-05,Synchronous,Utility Room,1154.3,405.4,13.54,8.18,76.0,70.7,2.94,77.1,89.8,None,None
2026-01-10 06:00:00,MTR-06,Induction,Packaging Line,1512.0,410.6,12.44,7.61,79.3,74.9,2.57,78.3,90.9,None,None
2026-01-10 08:24:00,MTR-01,Induction,Assembly Line A,1483.8,396.2,9.93,5.86,80.6,64.2,1.72,74.2,91.1,None,None
2026-01-10 08:24:00,MTR-02,Induction,Assembly Line A,1443.9,406.6,11.93,7.23,76.1,70.9,2.66,74.6,90.6,None,None
2026-01-10 08:24:00,MTR-03,Servo,Robotics Cell,1791.9,393.8,9.01,5.29,69.3,62.6,1.97,75.1,91.8,None,None
2026-01-10 08:24:00,MTR-04,Servo,Robotics Cell,1773.3,393.0,8.79,5.14,72.7,71.6,1.84,73.9,91.2,None,None
2026-01-10 08:24:00,MTR-05,Synchronous,Utility Room,1216.0,402.7,13.68,8.21,80.5,70.2,3.11,76.7,90.6,None,None
2026-01-10 08:24:00,MTR-06,Induction,Packaging Line,1509.7,398.7,12.01,7.13,74.3,70.3,2.92,75.4,91.6,None,None
2026-01-10 10:48:00,MTR-01,Induction,Assembly Line A,1448.1,401.6,10.58,6.33,78.4,67.4,2.05,76.1,91.1,None,None
2026-01-10 10:48:00,MTR-02,Induction,Assembly Line A,1493.7,391.7,11.97,6.99,78.1,73.1,2.32,76.6,90.8,None,None
2026-01-10 10:48:00,MTR-03,Servo,Robotics Cell,1819.6,398.3,8.58,5.09,71.3,63.7,1.4,75.3,91.5,None,None
2026-01-10 10:48:00,MTR-04,Servo,Robotics Cell,1762.2,402.7,10.18,6.11,68.7,68.7,2.09,77.9,90.9,None,None
2026-01-10 10:48:00,MTR-05,Synchronous,Utility Room,1115.5,405.2,13.38,8.08,79.1,70.3,3.22,76.4,90.3,None,None
2026-01-10 10:48:00,MTR-06,Induction,Packaging Line,1492.0,403.3,11.99,7.2,75.8,71.0,2.6,74.9,91.5,None,None
2026-01-10 13:12:00,MTR-01,Induction,Assembly Line A,1475.2,411.7,10.92,6.7,75.3,70.5,2.02,76.0,91.3,None,None
2026-01-10 13:12:00,MTR-02,Induction,Assembly Line A,1465.3,404.7,11.46,6.91,78.9,74.5,2.51,74.3,91.9,None,None
2026-01-10 13:12:00,MTR-03,Servo,Robotics Cell,1786.1,407.8,9.05,5.5,69.2,65.5,1.5,73.7,92.5,None,None
2026-01-10 13:12:00,MTR-04,Servo,Robotics Cell,1790.1,401.6,9.05,5.41,71.4,66.3,2.09,77.4,90.4,None,None
2026-01-10 13:12:00,MTR-05,Synchronous,Utility Room,1177.6,395.1,13.82,8.13,79.9,72.6,3.06,78.4,90.2,None,None
2026-01-10 13:12:00,MTR-06,Induction,Packaging Line,1519.7,407.3,11.99,7.28,77.5,71.4,2.77,72.7,90.0,None,None
2026-01-10 15:36:00,MTR-01,Induction,Assembly Line A,1487.0,396.2,11.17,6.59,75.0,69.8,2.09,74.5,91.6,None,None
2026-01-10 15:36:00,MTR-02,Induction,Assembly Line A,1523.3,397.1,11.43,6.76,77.9,70.5,2.18,75.5,91.9,None,None
2026-01-10 15:36:00,MTR-03,Servo,Robotics Cell,1872.4,399.8,9.17,5.46,69.4,61.3,1.73,77.9,91.6,None,None
2026-01-10 15:36:00,MTR-04,Servo,Robotics Cell,1740.5,401.1,9.34,5.58,70.8,69.6,1.86,72.2,91.4,None,None
2026-01-10 15:36:00,MTR-05,Synchronous,Utility Room,1156.8,401.0,12.78,7.64,80.8,74.4,3.24,77.9,89.5,None,None
2026-01-10 15:36:00,MTR-06,Induction,Packaging Line,1465.2,403.9,12.14,7.3,77.7,72.1,2.53,76.5,91.2,None,None
2026-01-10 18:00:00,MTR-01,Induction,Assembly Line A,1423.7,398.5,9.71,5.76,72.0,65.1,2.34,76.6,90.8,None,None
2026-01-10 18:00:00,MTR-02,Induction,Assembly Line A,1446.4,407.5,11.45,6.95,76.3,69.6,2.43,73.3,92.0,None,None
2026-01-10 18:00:00,MTR-03,Servo,Robotics Cell,1850.3,396.5,8.15,4.81,67.2,61.6,1.99,76.3,91.5,None,None
2026-01-10 18:00:00,MTR-04,Servo,Robotics Cell,1812.8,409.0,8.58,5.23,75.2,69.8,2.32,76.6,91.0,None,None
2026-01-10 18:00:00,MTR-05,Synchronous,Utility Room,1199.0,389.6,12.35,7.17,78.3,74.9,3.19,76.6,90.0,None,None
2026-01-10 18:00:00,MTR-06,Induction,Packaging Line,1487.7,400.4,12.63,7.53,77.3,74.0,3.03,76.9,90.9,None,None
2026-01-10 20:24:00,MTR-01,Induction,Assembly Line A,1459.8,410.9,11.04,6.76,76.0,66.7,2.12,72.2,91.1,None,None
2026-01-10 20:24:00,MTR-02,Induction,Assembly Line A,1491.4,406.4,11.64,7.05,76.7,72.3,2.68,77.1,91.2,None,None
2026-01-10 20:24:00,MTR-03,Servo,Robotics Cell,1809.8,395.0,7.23,4.25,69.1,62.6,1.24,73.1,92.1,None,None
2026-01-10 20:24:00,MTR-04,Servo,Robotics Cell,1763.6,393.1,9.45,5.54,71.9,68.3,2.22,75.6,91.4,None,None
2026-01-10 20:24:00,MTR-05,Synchronous,Utility Room,1195.5,400.9,13.01,7.77,80.1,75.5,3.05,77.3,89.7,None,None
2026-01-10 20:24:00,MTR-06,Induction,Packaging Line,1472.3,399.2,11.94,7.1,77.2,74.3,3.03,75.2,91.5,None,None
2026-01-10 22:48:00,MTR-01,Induction,Assembly Line A,1439.2,400.6,12.94,7.72,77.7,77.0,4.58,79.6,85.4,Electrical Overload,Low
2026-01-10 22:48:00,MTR-02,Induction,Assembly Line A,1464.6,400.0,11.51,6.86,73.3,71.4,2.39,76.6,90.9,None,None
2026-01-10 22:48:00,MTR-03,Servo,Robotics Cell,1799.7,400.3,9.26,5.52,68.8,63.1,1.7,71.4,92.6,None,None
2026-01-10 22:48:00,MTR-04,Servo,Robotics Cell,1754.4,393.5,9.41,5.52,71.8,67.3,1.77,73.4,91.4,None,None
2026-01-10 22:48:00,MTR-05,Synchronous,Utility Room,1189.6,397.8,13.38,7.93,83.8,75.4,3.14,79.3,91.1,None,None
2026-01-10 22:48:00,MTR-06,Induction,Packaging Line,1532.6,405.6,11.73,7.09,78.4,73.5,2.23,78.7,90.9,None,None
2026-01-11 01:12:00,MTR-01,Induction,Assembly Line A,1514.3,398.0,11.6,6.88,73.4,67.9,2.06,77.8,91.0,None,None
2026-01-11 01:12:00,MTR-02,Induction,Assembly Line A,1459.2,392.2,11.58,6.76,73.9,71.6,2.63,77.0,89.6,None,None
2026-01-11 01:12:00,MTR-03,Servo,Robotics Cell,1816.6,402.8,8.57,5.14,69.1,62.9,1.87,72.8,92.1,None,None
2026-01-11 01:12:00,MTR-04,Servo,Robotics Cell,1749.3,405.3,8.85,5.34,65.1,68.4,2.36,76.6,92.0,None,None
2026-01-11 01:12:00,MTR-05,Synchronous,Utility Room,1194.2,399.1,13.5,8.03,83.3,74.1,3.13,78.8,90.2,None,None
2026-01-11 01:12:00,MTR-06,Induction,Packaging Line,1499.1,406.1,11.77,7.12,76.1,73.0,2.71,78.3,91.0,None,None
2026-01-11 03:36:00,MTR-01,Induction,Assembly Line A,1487.7,393.0,11.15,6.53,71.5,66.7,2.29,70.7,90.7,None,None
2026-01-11 03:36:00,MTR-02,Induction,Assembly Line A,1460.7,402.7,11.12,6.67,76.2,70.8,2.34,77.0,91.1,None,None
2026-01-11 03:36:00,MTR-03,Servo,Robotics Cell,1807.1,400.2,7.61,4.54,70.4,64.1,1.61,73.2,91.5,None,None
2026-01-11 03:36:00,MTR-04,Servo,Robotics Cell,1777.8,411.1,8.67,5.31,74.7,65.5,2.1,74.7,91.7,None,None
2026-01-11 03:36:00,MTR-05,Synchronous,Utility Room,1219.0,400.6,13.59,8.11,82.2,71.0,3.15,77.7,89.7,None,None
2026-01-11 03:36:00,MTR-06,Induction,Packaging Line,1554.8,402.2,11.94,7.15,80.2,75.7,2.99,77.9,91.1,None,None
2026-01-11 06:00:00,MTR-01,Induction,Assembly Line A,1481.9,399.2,10.66,6.34,77.4,67.3,2.05,73.2,91.8,None,None
2026-01-11 06:00:00,MTR-02,Induction,Assembly Line A,1497.5,394.5,11.74,6.9,72.5,75.3,2.84,77.3,90.9,None,None
2026-01-11 06:00:00,MTR-03,Servo,Robotics Cell,1816.4,395.5,9.49,5.59,63.6,65.5,1.67,76.3,90.2,None,None
2026-01-11 06:00:00,MTR-04,Servo,Robotics Cell,1753.3,402.4,8.96,5.37,71.6,68.0,2.36,77.5,92.0,None,None
2026-01-11 06:00:00,MTR-05,Synchronous,Utility Room,1188.0,400.2,12.8,7.63,79.1,72.7,3.12,75.7,91.0,None,None
2026-01-11 06:00:00,MTR-06,Induction,Packaging Line,1448.9,401.8,11.91,7.13,81.5,70.7,2.65,73.6,89.6,None,None
2026-01-11 08:24:00,MTR-01,Induction,Assembly Line A,1490.6,401.3,11.92,7.13,72.6,67.4,1.92,73.6,90.6,None,None
2026-01-11 08:24:00,MTR-02,Induction,Assembly Line A,1525.9,396.4,11.12,6.56,75.1,70.3,2.23,73.8,91.0,None,None
2026-01-11 08:24:00,MTR-03,Servo,Robotics Cell,1781.4,398.9,8.31,4.94,70.9,65.2,1.32,74.9,91.6,None,None
2026-01-11 08:24:00,MTR-04,Servo,Robotics Cell,1755.9,396.6,9.03,5.33,75.1,67.4,2.09,73.3,90.3,None,None
2026-01-11 08:24:00,MTR-05,Synchronous,Utility Room,1196.9,394.7,12.66,7.44,80.0,74.6,3.0,74.7,91.2,None,None
2026-01-11 08:24:00,MTR-06,Induction,Packaging Line,1442.4,397.4,12.48,7.39,78.0,71.1,3.01,78.3,89.9,None,None
2026-01-11 10:48:00,MTR-01,Induction,Assembly Line A,1460.6,396.0,10.76,6.35,77.6,68.1,2.01,73.6,91.9,None,None
2026-01-11 10:48:00,MTR-02,Induction,Assembly Line A,1468.1,402.4,11.37,6.82,78.5,70.2,2.65,75.7,90.8,None,None
2026-01-11 10:48:00,MTR-03,Servo,Robotics Cell,1858.7,399.5,9.18,5.46,71.6,62.1,1.79,74.1,91.3,None,None
2026-01-11 10:48:00,MTR-04,Servo,Robotics Cell,1760.0,404.3,9.6,5.78,73.1,70.0,2.18,76.5,92.2,None,None
2026-01-11 10:48:00,MTR-05,Synchronous,Utility Room,1226.2,401.2,14.52,8.68,85.5,69.4,2.9,76.7,92.2,None,None
2026-01-11 10:48:00,MTR-06,Induction,Packaging Line,1471.1,393.5,11.56,6.77,80.3,70.4,2.77,78.3,91.2,None,None
2026-01-11 13:12:00,MTR-01,Induction,Assembly Line A,1456.7,402.5,10.9,6.54,76.2,64.9,1.98,75.5,90.7,None,None
2026-01-11 13:12:00,MTR-02,Induction,Assembly Line A,1485.9,400.4,11.07,6.6,78.0,69.0,2.69,76.8,91.3,None,None
2026-01-11 13:12:00,MTR-03,Servo,Robotics Cell,1745.5,386.2,8.9,5.12,69.0,65.7,2.07,74.2,90.6,None,None
2026-01-11 13:12:00,MTR-04,Servo,Robotics Cell,1745.2,403.1,8.76,5.26,71.6,71.4,2.08,75.4,92.0,None,None
2026-01-11 13:12:00,MTR-05,Synchronous,Utility Room,1177.8,397.0,12.74,7.54,83.0,71.1,3.47,76.8,90.6,None,None
2026-01-11 13:12:00,MTR-06,Induction,Packaging Line,1526.9,399.3,11.76,6.99,77.7,74.9,2.12,73.0,91.1,None,None
2026-01-11 15:36:00,MTR-01,Induction,Assembly Line A,1512.4,405.6,10.66,6.44,73.1,68.1,1.4,72.9,91.1,None,None
2026-01-11 15:36:00,MTR-02,Induction,Assembly Line A,1509.5,404.2,12.0,7.23,78.0,70.3,2.85,76.4,91.4,None,None
2026-01-11 15:36:00,MTR-03,Servo,Robotics Cell,1746.3,405.0,11.95,7.21,68.8,72.0,3.77,78.2,87.4,Electrical Overload,Low
2026-01-11 15:36:00,MTR-04,Servo,Robotics Cell,1785.2,393.4,8.94,5.24,67.8,70.0,2.12,77.8,90.1,None,None
2026-01-11 15:36:00,MTR-05,Synchronous,Utility Room,1201.5,395.1,13.04,7.67,80.5,71.4,2.94,77.6,90.8,None,None
2026-01-11 15:36:00,MTR-06,Induction,Packaging Line,1480.5,395.8,12.49,7.36,74.8,73.7,3.11,73.5,89.9,None,None
2026-01-11 18:00:00,MTR-01,Induction,Assembly Line A,1530.9,394.7,10.34,6.08,80.3,67.9,2.4,72.8,91.5,None,None
2026-01-11 18:00:00,MTR-02,Induction,Assembly Line A,1469.4,403.2,13.06,7.85,81.2,69.8,2.52,75.2,90.7,None,None
2026-01-11 18:00:00,MTR-03,Servo,Robotics Cell,1833.5,397.4,8.28,4.9,69.5,60.8,1.87,74.0,92.4,None,None
2026-01-11 18:00:00,MTR-04,Servo,Robotics Cell,1784.2,399.1,9.32,5.54,74.3,69.8,1.9,73.9,91.4,None,None
2026-01-11 18:00:00,MTR-05,Synchronous,Utility Room,1175.7,403.1,13.09,7.86,80.9,71.6,2.9,76.8,91.9,None,None
2026-01-11 18:00:00,MTR-06,Induction,Packaging Line,1521.7,400.4,12.13,7.23,75.4,71.3,2.42,77.3,90.7,None,None
2026-01-11 20:24:00,MTR-01,Induction,Assembly Line A,1463.1,392.6,10.1,5.9,71.3,66.7,1.87,76.5,91.5,None,None
2026-01-11 20:24:00,MTR-02,Induction,Assembly Line A,1476.7,392.9,11.08,6.49,73.1,67.3,2.66,81.0,90.7,None,None
2026-01-11 20:24:00,MTR-03,Servo,Robotics Cell,1786.1,403.4,7.72,4.64,69.5,62.5,1.6,74.4,90.3,None,None
2026-01-11 20:24:00,MTR-04,Servo,Robotics Cell,1754.5,398.9,9.33,5.54,71.3,68.4,1.96,77.4,90.9,None,None
2026-01-11 20:24:00,MTR-05,Synchronous,Utility Room,1225.7,397.9,13.36,7.92,78.4,71.3,3.42,76.1,91.6,None,None
2026-01-11 20:24:00,MTR-06,Induction,Packaging Line,1498.1,401.0,11.93,7.13,79.3,73.0,2.76,74.8,91.1,None,None
2026-01-11 22:48:00,MTR-01,Induction,Assembly Line A,1458.8,405.7,10.45,6.32,71.5,66.2,2.14,76.4,91.6,None,None
2026-01-11 22:48:00,MTR-02,Induction,Assembly Line A,1469.6,405.8,11.34,6.86,76.1,69.3,2.46,77.4,90.8,None,None
2026-01-11 22:48:00,MTR-03,Servo,Robotics Cell,1809.4,399.0,8.29,4.93,67.4,63.2,1.34,74.1,92.2,None,None
2026-01-11 22:48:00,MTR-04,Servo,Robotics Cell,1740.0,402.3,9.28,5.56,68.0,69.5,2.24,79.0,90.7,None,None
2026-01-11 22:48:00,MTR-05,Synchronous,Utility Room,1239.2,400.8,14.45,8.63,76.9,71.9,3.16,80.6,89.6,None,None
2026-01-11 22:48:00,MTR-06,Induction,Packaging Line,1539.0,397.2,12.37,7.32,78.0,68.3,2.67,75.9,91.9,None,None
2026-01-12 01:12:00,MTR-01,Induction,Assembly Line A,1446.0,401.1,10.02,5.98,76.4,68.2,1.8,72.7,91.8,None,None
2026-01-12 01:12:00,MTR-02,Induction,Assembly Line A,1485.9,394.3,11.72,6.88,78.8,67.2,2.39,77.4,91.2,None,None
2026-01-12 01:12:00,MTR-03,Servo,Robotics Cell,1781.3,404.2,8.15,4.91,66.4,61.8,1.62,72.0,90.8,None,None
2026-01-12 01:12:00,MTR-04,Servo,Robotics Cell,1740.3,395.6,9.15,5.39,71.1,70.6,2.48,76.1,92.7,None,None
2026-01-12 01:12:00,MTR-05,Synchronous,Utility Room,1222.8,392.8,13.53,7.91,84.4,73.3,3.6,79.1,90.9,None,None
2026-01-12 01:12:00,MTR-06,Induction,Packaging Line,1460.7,398.4,11.53,6.85,74.4,75.8,2.53,76.5,91.0,None,None
2026-01-12 03:36:00,MTR-01,Induction,Assembly Line A,1515.6,398.0,10.82,6.41,74.7,67.8,1.85,75.8,90.9,None,None
2026-01-12 03:36:00,MTR-02,Induction,Assembly Line A,1522.8,404.2,11.75,7.07,78.4,72.0,2.69,75.2,90.1,None,None
2026-01-12 03:36:00,MTR-03,Servo,Robotics Cell,1858.0,396.7,8.46,5.0,70.2,61.8,1.79,72.4,91.6,None,None
2026-01-12 03:36:00,MTR-04,Servo,Robotics Cell,1789.5,391.7,8.68,5.07,72.0,69.3,2.07,74.9,90.4,None,None
2026-01-12 03:36:00,MTR-05,Synchronous,Utility Room,1187.1,394.8,12.89,7.58,81.1,72.3,3.14,73.4,90.5,None,None
2026-01-12 03:36:00,MTR-06,Induction,Packaging Line,1521.3,400.4,10.73,6.4,75.9,70.3,2.96,77.5,91.7,None,None
2026-01-12 06:00:00,MTR-01,Induction,Assembly Line A,1445.9,389.1,11.69,6.77,75.0,71.9,1.9,71.5,91.1,None,None
2026-01-12 06:00:00,MTR-02,Induction,Assembly Line A,1420.8,400.4,15.67,9.34,75.6,83.0,6.64,87.6,79.9,Misalignment,Medium
2026-01-12 06:00:00,MTR-03,Servo,Robotics Cell,1837.7,397.3,8.58,5.08,69.0,67.2,1.19,72.7,91.4,None,None
2026-01-12 06:00:00,MTR-04,Servo,Robotics Cell,1760.6,396.3,8.41,4.97,66.5,66.9,2.2,75.8,90.7,None,None
2026-01-12 06:00:00,MTR-05,Synchronous,Utility Room,1245.6,400.8,12.7,7.58,84.5,69.1,3.27,75.6,91.2,None,None
2026-01-12 06:00:00,MTR-06,Induction,Packaging Line,1508.8,407.2,12.0,7.28,74.8,67.7,2.91,75.6,90.6,None,None
2026-01-12 08:24:00,MTR-01,Induction,Assembly Line A,1443.8,402.6,11.09,6.65,74.9,64.6,2.17,78.7,91.4,None,None
2026-01-12 08:24:00,MTR-02,Induction,Assembly Line A,1463.5,406.1,12.5,7.56,76.1,68.1,2.42,76.1,92.2,None,None
2026-01-12 08:24:00,MTR-03,Servo,Robotics Cell,1783.5,406.3,7.42,4.49,66.7,63.0,1.86,74.1,90.9,None,None
2026-01-12 08:24:00,MTR-04,Servo,Robotics Cell,1721.3,396.0,9.48,5.59,73.9,67.0,1.85,75.5,92.9,None,None
2026-01-12 08:24:00,MTR-05,Synchronous,Utility Room,1215.5,405.8,13.76,8.32,82.1,68.6,2.89,74.9,91.0,None,None
2026-01-12 08:24:00,MTR-06,Induction,Packaging Line,1495.4,407.1,11.76,7.13,75.2,69.7,3.03,76.3,90.8,None,None
2026-01-12 10:48:00,MTR-01,Induction,Assembly Line A,1492.2,392.2,10.89,6.36,73.0,66.6,2.46,74.7,92.5,None,None
2026-01-12 10:48:00,MTR-02,Induction,Assembly Line A,1533.4,398.3,11.9,7.06,79.4,67.7,2.46,73.0,90.3,None,None
2026-01-12 10:48:00,MTR-03,Servo,Robotics Cell,1798.8,400.9,7.43,4.44,68.9,64.8,1.63,74.5,92.5,None,None
2026-01-12 10:48:00,MTR-04,Servo,Robotics Cell,1770.0,392.1,8.48,4.95,72.4,63.8,2.53,77.9,91.5,None,None
2026-01-12 10:48:00,MTR-05,Synchronous,Utility Room,1191.6,403.6,13.28,7.98,81.2,72.6,3.01,75.3,90.6,None,None
2026-01-12 10:48:00,MTR-06,Induction,Packaging Line,1522.0,394.2,11.7,6.87,76.7,70.6,2.72,79.1,90.7,None,None
2026-01-12 13:12:00,MTR-01,Induction,Assembly Line A,1483.9,396.1,10.9,6.43,73.5,69.5,1.92,72.0,91.3,None,None
2026-01-12 13:12:00,MTR-02,Induction,Assembly Line A,1481.1,396.6,11.38,6.72,77.7,70.8,2.75,71.3,90.4,None,None
2026-01-12 13:12:00,MTR-03,Servo,Robotics Cell,1804.7,399.1,8.15,4.85,70.4,61.8,1.09,73.2,91.8,None,None
2026-01-12 13:12:00,MTR-04,Servo,Robotics Cell,1753.9,408.1,9.17,5.58,67.6,67.3,1.66,77.7,91.2,None,None
2026-01-12 13:12:00,MTR-05,Synchronous,Utility Room,1219.5,400.4,13.8,8.23,82.3,71.6,2.74,78.1,90.7,None,None
2026-01-12 13:12:00,MTR-06,Induction,Packaging Line,1497.9,399.1,11.8,7.02,81.1,70.8,2.72,78.1,91.2,None,None
2026-01-12 15:36:00,MTR-01,Induction,Assembly Line A,1472.7,392.3,9.91,5.79,76.4,68.2,1.87,70.4,91.8,None,None
2026-01-12 15:36:00,MTR-02,Induction,Assembly Line A,1501.3,401.2,11.33,6.77,77.1,69.4,2.44,78.1,90.5,None,None
2026-01-12 15:36:00,MTR-03,Servo,Robotics Cell,1874.8,403.4,8.96,5.38,71.8,64.7,2.03,77.5,92.2,None,None
2026-01-12 15:36:00,MTR-04,Servo,Robotics Cell,1724.2,399.4,9.21,5.48,71.1,67.4,2.29,75.3,92.0,None,None
2026-01-12 15:36:00,MTR-05,Synchronous,Utility Room,1250.1,403.2,13.04,7.83,79.5,70.6,3.37,75.2,92.2,None,None
2026-01-12 15:36:00,MTR-06,Induction,Packaging Line,1515.8,401.7,12.61,7.55,75.4,69.3,3.32,75.5,90.6,None,None
2026-01-12 18:00:00,MTR-01,Induction,Assembly Line A,1438.1,403.8,10.99,6.61,77.8,71.6,2.11,75.7,91.2,None,None
2026-01-12 18:00:00,MTR-02,Induction,Assembly Line A,1533.7,398.6,12.03,7.14,76.7,72.5,2.48,75.6,90.8,None,None
2026-01-12 18:00:00,MTR-03,Servo,Robotics Cell,1818.8,398.5,8.54,5.07,69.5,62.0,1.55,70.0,92.7,None,None
2026-01-12 18:00:00,MTR-04,Servo,Robotics Cell,1744.2,395.9,8.54,5.03,72.4,67.9,1.67,75.7,89.9,None,None
2026-01-12 18:00:00,MTR-05,Synchronous,Utility Room,1194.8,407.1,12.8,7.76,79.8,72.3,3.3,78.4,91.4,None,None
2026-01-12 18:00:00,MTR-06,Induction,Packaging Line,1537.3,410.2,11.69,7.14,82.2,71.9,2.76,78.2,92.4,None,None
2026-01-12 20:24:00,MTR-01,Induction,Assembly Line A,1510.0,397.7,10.56,6.26,74.7,66.4,2.2,77.7,91.0,None,None
2026-01-12 20:24:00,MTR-02,Induction,Assembly Line A,1496.5,401.1,10.88,6.5,80.9,68.6,3.04,75.7,90.5,None,None
2026-01-12 20:24:00,MTR-03,Servo,Robotics Cell,1860.8,401.4,8.99,5.38,73.6,61.1,2.2,76.2,91.7,None,None
2026-01-12 20:24:00,MTR-04,Servo,Robotics Cell,1749.3,402.7,10.37,6.22,70.2,66.4,2.06,73.9,90.6,None,None
2026-01-12 20:24:00,MTR-05,Synchronous,Utility Room,1235.0,396.8,13.51,7.99,80.4,71.9,3.15,77.4,90.1,None,None
2026-01-12 20:24:00,MTR-06,Induction,Packaging Line,1524.8,402.8,11.99,7.19,77.9,69.3,2.5,78.5,91.8,None,None
2026-01-12 22:48:00,MTR-01,Induction,Assembly Line A,1468.1,404.3,9.56,5.76,73.5,65.8,1.8,70.8,90.6,None,None
2026-01-12 22:48:00,MTR-02,Induction,Assembly Line A,1506.2,399.4,11.32,6.74,81.9,70.0,2.15,75.8,91.2,None,None
2026-01-12 22:48:00,MTR-03,Servo,Robotics Cell,1811.9,406.5,7.17,4.34,74.1,64.3,1.73,77.7,90.4,None,None
2026-01-12 22:48:00,MTR-04,Servo,Robotics Cell,1746.3,410.1,9.33,5.7,67.9,66.5,2.01,73.8,91.8,None,None
2026-01-12 22:48:00,MTR-05,Synchronous,Utility Room,1197.1,407.1,13.76,8.34,78.5,72.8,2.91,75.7,92.0,None,None
2026-01-12 22:48:00,MTR-06,Induction,Packaging Line,1543.5,392.3,11.75,6.87,81.0,74.9,2.77,74.4,91.0,None,None
2026-01-13 01:12:00,MTR-01,Induction,Assembly Line A,1506.2,398.9,10.23,6.08,77.2,67.2,2.26,73.2,90.7,None,None
2026-01-13 01:12:00,MTR-02,Induction,Assembly Line A,1424.6,399.6,13.01,7.74,73.9,71.9,2.3,77.1,90.5,None,None
2026-01-13 01:12:00,MTR-03,Servo,Robotics Cell,1807.5,394.5,7.6,4.47,67.0,64.0,1.32,75.5,91.1,None,None
2026-01-13 01:12:00,MTR-04,Servo,Robotics Cell,1743.4,403.1,9.78,5.87,69.2,70.8,2.23,75.1,91.8,None,None
2026-01-13 01:12:00,MTR-05,Synchronous,Utility Room,1210.1,398.6,12.65,7.51,81.0,70.9,2.96,75.9,91.6,None,None
2026-01-13 01:12:00,MTR-06,Induction,Packaging Line,1514.9,398.3,11.1,6.58,75.8,71.5,2.67,76.4,90.6,None,None
2026-01-13 03:36:00,MTR-01,Induction,Assembly Line A,1493.1,399.9,11.19,6.66,71.9,65.5,2.0,74.6,90.4,None,None
2026-01-13 03:36:00,MTR-02,Induction,Assembly Line A,1492.6,391.6,10.87,6.34,79.1,70.3,2.4,76.7,90.1,None,None
2026-01-13 03:36:00,MTR-03,Servo,Robotics Cell,1829.4,398.8,8.22,4.88,70.2,64.6,1.87,73.6,90.8,None,None
2026-01-13 03:36:00,MTR-04,Servo,Robotics Cell,1772.2,395.5,9.06,5.34,72.5,68.5,2.16,76.9,91.8,None,None
2026-01-13 03:36:00,MTR-05,Synchronous,Utility Room,1203.0,403.0,13.01,7.81,80.9,73.9,2.78,79.3,90.6,None,None
2026-01-13 03:36:00,MTR-06,Induction,Packaging Line,1490.7,403.9,12.13,7.3,79.7,71.2,2.44,75.7,91.4,None,None
2026-01-13 06:00:00,MTR-01,Induction,Assembly Line A,1465.2,395.4,10.75,6.33,79.4,69.4,1.43,72.3,90.7,None,None
2026-01-13 06:00:00,MTR-02,Induction,Assembly Line A,1536.0,392.3,10.9,6.37,77.3,71.1,2.92,76.6,91.4,None,None
2026-01-13 06:00:00,MTR-03,Servo,Robotics Cell,1779.1,396.0,7.8,4.6,66.1,63.0,1.41,75.5,90.4,None,None
2026-01-13 06:00:00,MTR-04,Servo,Robotics Cell,1763.0,397.3,8.99,5.32,74.6,73.0,2.15,76.0,90.7,None,None
2026-01-13 06:00:00,MTR-05,Synchronous,Utility Room,1165.6,392.5,12.78,7.47,80.1,73.4,2.86,74.4,90.0,None,None
2026-01-13 06:00:00,MTR-06,Induction,Packaging Line,1436.9,397.0,11.73,6.94,80.9,69.7,2.6,77.9,90.9,None,None
2026-01-13 08:24:00,MTR-01,Induction,Assembly Line A,1496.5,394.9,10.18,5.99,76.5,68.1,2.01,76.0,91.2,None,None
2026-01-13 08:24:00,MTR-02,Induction,Assembly Line A,1476.3,394.5,10.8,6.35,78.0,71.1,2.22,76.6,90.1,None,None
2026-01-13 08:24:00,MTR-03,Servo,Robotics Cell,1815.1,393.5,7.87,4.61,73.7,62.6,1.5,74.5,91.1,None,None
2026-01-13 08:24:00,MTR-04,Servo,Robotics Cell,1781.5,401.0,9.67,5.77,69.8,70.6,2.17,75.0,91.9,None,None
2026-01-13 08:24:00,MTR-05,Synchronous,Utility Room,1196.4,404.6,13.89,8.37,79.9,76.0,2.69,75.7,91.1,None,None
2026-01-13 08:24:00,MTR-06,Induction,Packaging Line,1501.5,391.3,11.77,6.86,77.3,69.5,3.02,77.1,91.6,None,None
2026-01-13 10:48:00,MTR-01,Induction,Assembly Line A,1451.3,401.2,12.43,7.43,69.7,71.0,4.42,83.4,85.3,Bearing Wear,Low
2026-01-13 10:48:00,MTR-02,Induction,Assembly Line A,1529.4,401.5,12.18,7.28,76.6,69.0,2.51,74.2,90.7,None,None
2026-01-13 10:48:00,MTR-03,Servo,Robotics Cell,1797.4,400.4,8.27,4.93,73.8,65.5,1.45,75.6,91.6,None,None
2026-01-13 10:48:00,MTR-04,Servo,Robotics Cell,1758.5,392.2,9.56,5.58,71.2,66.6,1.98,74.8,91.3,None,None
2026-01-13 10:48:00,MTR-05,Synchronous,Utility Room,1205.8,407.1,13.77,8.35,77.3,74.3,3.0,77.0,90.4,None,None
2026-01-13 10:48:00,MTR-06,Induction,Packaging Line,1480.6,401.2,13.0,7.77,83.5,72.1,2.61,76.1,90.9,None,None
2026-01-13 13:12:00,MTR-01,Induction,Assembly Line A,1479.8,399.9,13.12,7.81,79.5,73.5,4.17,80.8,85.3,Bearing Wear,Low
2026-01-13 13:12:00,MTR-02,Induction,Assembly Line A,1456.0,393.6,10.21,5.99,81.8,68.5,2.66,73.1,90.0,None,None
2026-01-13 13:12:00,MTR-03,Servo,Robotics Cell,1825.5,398.8,8.48,5.04,68.9,63.1,2.02,74.3,91.3,None,None
2026-01-13 13:12:00,MTR-04,Servo,Robotics Cell,1758.3,398.0,8.67,5.14,73.1,70.3,1.57,74.8,90.9,None,None
2026-01-13 13:12:00,MTR-05,Synchronous,Utility Room,1220.9,398.4,13.92,8.26,80.6,71.2,2.64,79.0,89.7,None,None
2026-01-13 13:12:00,MTR-06,Induction,Packaging Line,1517.3,400.5,12.16,7.26,78.5,72.3,2.6,74.9,91.6,None,None
2026-01-13 15:36:00,MTR-01,Induction,Assembly Line A,1506.8,395.9,11.27,6.65,77.6,68.6,2.11,77.2,91.7,None,None
2026-01-13 15:36:00,MTR-02,Induction,Assembly Line A,1499.0,402.9,11.86,7.12,73.3,67.7,2.44,73.1,92.7,None,None
2026-01-13 15:36:00,MTR-03,Servo,Robotics Cell,1835.6,396.3,8.8,5.2,75.1,61.1,1.63,76.3,90.0,None,None
2026-01-13 15:36:00,MTR-04,Servo,Robotics Cell,1746.0,399.5,9.69,5.77,69.0,69.0,1.8,74.3,91.9,None,None
2026-01-13 15:36:00,MTR-05,Synchronous,Utility Room,1210.8,403.8,13.52,8.13,84.9,73.4,2.9,77.7,89.6,None,None
2026-01-13 15:36:00,MTR-06,Induction,Packaging Line,1556.1,402.3,12.2,7.31,82.3,77.2,2.75,74.4,90.7,None,None
2026-01-13 18:00:00,MTR-01,Induction,Assembly Line A,1484.5,392.0,10.85,6.33,79.2,66.4,1.68,78.0,92.5,None,None
2026-01-13 18:00:00,MTR-02,Induction,Assembly Line A,1460.9,393.3,12.24,7.17,76.7,74.8,2.38,73.6,89.4,None,None
2026-01-13 18:00:00,MTR-03,Servo,Robotics Cell,1824.0,402.6,8.6,5.16,71.3,63.9,1.85,75.1,92.8,None,None
2026-01-13 18:00:00,MTR-04,Servo,Robotics Cell,1714.2,395.8,13.1,7.73,72.8,75.4,4.38,80.1,86.4,Electrical Overload,Low
2026-01-13 18:00:00,MTR-05,Synchronous,Utility Room,1190.3,394.1,12.8,7.51,79.9,72.4,2.97,79.3,90.8,None,None
2026-01-13 18:00:00,MTR-06,Induction,Packaging Line,1488.9,405.0,11.85,7.15,74.9,71.2,2.97,75.1,89.9,None,None
2026-01-13 20:24:00,MTR-01,Induction,Assembly Line A,1512.8,400.1,10.91,6.5,75.6,65.5,2.1,75.1,90.4,None,None
2026-01-13 20:24:00,MTR-02,Induction,Assembly Line A,1471.8,401.0,11.72,7.0,77.3,71.0,2.42,74.0,91.5,None,None
2026-01-13 20:24:00,MTR-03,Servo,Robotics Cell,1845.2,391.9,9.64,5.62,68.3,62.4,1.97,74.2,92.3,None,None
2026-01-13 20:24:00,MTR-04,Servo,Robotics Cell,1758.5,396.0,8.47,5.0,70.0,70.3,1.96,70.9,92.5,None,None
2026-01-13 20:24:00,MTR-05,Synchronous,Utility Room,1234.2,404.1,12.57,7.57,82.9,71.2,3.22,77.8,89.9,None,None
2026-01-13 20:24:00,MTR-06,Induction,Packaging Line,1517.3,396.9,11.36,6.72,75.4,71.0,2.98,74.9,90.4,None,None
2026-01-13 22:48:00,MTR-01,Induction,Assembly Line A,1525.3,404.0,10.81,6.5,75.4,67.9,2.01,74.6,90.5,None,None
2026-01-13 22:48:00,MTR-02,Induction,Assembly Line A,1512.1,393.6,10.71,6.28,80.0,69.1,2.24,77.4,91.2,None,None
2026-01-13 22:48:00,MTR-03,Servo,Robotics Cell,1812.9,407.1,8.44,5.12,70.6,65.2,1.06,74.0,91.8,None,None
2026-01-13 22:48:00,MTR-04,Servo,Robotics Cell,1805.9,399.4,9.01,5.36,72.8,66.3,1.69,74.9,91.5,None,None
2026-01-13 22:48:00,MTR-05,Synchronous,Utility Room,1236.5,402.4,12.58,7.54,78.2,71.5,2.96,77.5,90.5,None,None
2026-01-13 22:48:00,MTR-06,Induction,Packaging Line,1519.5,409.5,12.12,7.39,84.2,71.4,2.92,77.7,90.5,None,None
2026-01-14 01:12:00,MTR-01,Induction,Assembly Line A,1440.0,402.3,11.02,6.6,78.3,64.3,1.97,76.8,92.0,None,None
2026-01-14 01:12:00,MTR-02,Induction,Assembly Line A,1495.8,405.4,11.76,7.1,75.2,70.6,2.87,76.2,90.8,None,None
2026-01-14 01:12:00,MTR-03,Servo,Robotics Cell,1809.8,400.2,8.85,5.28,70.9,59.4,1.75,73.6,90.9,None,None
2026-01-14 01:12:00,MTR-04,Servo,Robotics Cell,1760.6,391.7,9.35,5.46,71.9,68.8,2.59,75.2,90.6,None,None
2026-01-14 01:12:00,MTR-05,Synchronous,Utility Room,1215.4,401.3,13.26,7.92,84.0,73.0,2.95,77.5,92.4,None,None
2026-01-14 01:12:00,MTR-06,Induction,Packaging Line,1516.6,402.5,12.19,7.31,80.9,74.3,2.55,77.8,91.0,None,None
2026-01-14 03:36:00,MTR-01,Induction,Assembly Line A,1451.3,395.1,10.99,6.47,72.6,68.2,2.32,77.0,91.2,None,None
2026-01-14 03:36:00,MTR-02,Induction,Assembly Line A,1524.6,399.8,12.22,7.28,83.3,67.0,2.49,75.9,90.5,None,None
2026-01-14 03:36:00,MTR-03,Servo,Robotics Cell,1849.1,399.4,8.68,5.16,72.1,65.1,1.58,73.0,91.1,None,None
2026-01-14 03:36:00,MTR-04,Servo,Robotics Cell,1772.2,400.1,8.41,5.01,74.1,65.6,2.17,77.7,91.3,None,None
2026-01-14 03:36:00,MTR-05,Synchronous,Utility Room,1185.3,387.1,13.79,7.95,82.2,74.0,2.96,74.6,89.8,None,None
2026-01-14 03:36:00,MTR-06,Induction,Packaging Line,1500.2,403.3,12.2,7.33,77.2,70.1,3.04,77.7,90.8,None,None
2026-01-14 06:00:00,MTR-01,Induction,Assembly Line A,1481.1,399.1,10.48,6.23,74.8,68.0,1.87,73.9,91.5,None,None
2026-01-14 06:00:00,MTR-02,Induction,Assembly Line A,1478.6,400.1,10.4,6.2,80.6,69.2,2.75,74.9,90.4,None,None
2026-01-14 06:00:00,MTR-03,Servo,Robotics Cell,1790.7,392.4,8.66,5.06,69.9,62.6,1.68,76.4,90.6,None,None
2026-01-14 06:00:00,MTR-04,Servo,Robotics Cell,1767.5,396.3,9.21,5.44,71.5,70.7,2.23,76.5,90.9,None,None
2026-01-14 06:00:00,MTR-05,Synchronous,Utility Room,1156.9,401.9,15.92,9.53,82.3,81.8,4.75,81.3,85.1,Electrical Overload,Low
2026-01-14 06:00:00,MTR-06,Induction,Packaging Line,1528.5,392.8,12.21,7.14,79.9,72.7,2.11,76.8,91.4,None,None
2026-01-14 08:24:00,MTR-01,Induction,Assembly Line A,1482.6,394.9,10.54,6.2,75.8,70.2,1.71,71.2,90.0,None,None
2026-01-14 08:24:00,MTR-02,Induction,Assembly Line A,1504.5,398.0,11.37,6.74,74.7,69.2,2.25,74.1,90.6,None,None
2026-01-14 08:24:00,MTR-03,Servo,Robotics Cell,1830.6,405.6,7.47,4.51,71.1,64.6,1.86,73.9,91.4,None,None
2026-01-14 08:24:00,MTR-04,Servo,Robotics Cell,1758.6,405.3,7.81,4.71,70.2,68.7,2.08,72.7,91.7,None,None
2026-01-14 08:24:00,MTR-05,Synchronous,Utility Room,1195.4,397.2,12.12,7.17,86.3,74.2,2.96,82.5,90.1,None,None
2026-01-14 08:24:00,MTR-06,Induction,Packaging Line,1500.8,395.3,11.01,6.48,80.4,73.6,2.88,78.5,90.4,None,None
2026-01-14 10:48:00,MTR-01,Induction,Assembly Line A,1471.7,405.5,9.33,5.63,73.9,68.4,2.39,73.0,91.0,None,None
2026-01-14 10:48:00,MTR-02,Induction,Assembly Line A,1496.1,401.1,12.44,7.43,79.2,69.4,2.57,76.6,90.8,None,None
2026-01-14 10:48:00,MTR-03,Servo,Robotics Cell,1836.3,402.5,7.66,4.59,69.8,65.4,1.89,74.5,90.5,None,None
2026-01-14 10:48:00,MTR-04,Servo,Robotics Cell,1811.8,404.5,9.42,5.67,70.1,69.3,2.06,78.8,91.8,None,None
2026-01-14 10:48:00,MTR-05,Synchronous,Utility Room,1171.2,401.0,13.62,8.14,81.0,72.2,3.31,78.7,91.1,None,None
2026-01-14 10:48:00,MTR-06,Induction,Packaging Line,1485.7,400.6,12.36,7.38,76.7,74.7,2.64,74.8,90.2,None,None
2026-01-14 13:12:00,MTR-01,Induction,Assembly Line A,1465.9,406.4,11.81,7.15,75.5,67.1,2.48,75.1,92.5,None,None
2026-01-14 13:12:00,MTR-02,Induction,Assembly Line A,1499.2,398.8,11.3,6.72,78.4,68.2,2.3,74.9,90.2,None,None
2026-01-14 13:12:00,MTR-03,Servo,Robotics Cell,1788.0,398.4,7.42,4.41,69.9,64.8,1.64,71.2,91.8,None,None
2026-01-14 13:12:00,MTR-04,Servo,Robotics Cell,1775.9,399.7,8.31,4.95,70.5,69.5,2.03,76.2,91.5,None,None
2026-01-14 13:12:00,MTR-05,Synchronous,Utility Room,1197.9,400.8,12.17,7.26,80.3,73.0,3.08,74.9,90.4,None,None
2026-01-14 13:12:00,MTR-06,Induction,Packaging Line,1531.2,405.0,11.87,7.16,76.7,71.7,2.87,75.5,90.7,None,None
2026-01-14 15:36:00,MTR-01,Induction,Assembly Line A,1485.2,414.3,11.27,6.95,78.0,66.4,2.24,74.3,91.0,None,None
2026-01-14 15:36:00,MTR-02,Induction,Assembly Line A,1464.6,401.3,10.93,6.53,79.8,70.2,2.33,77.1,90.5,None,None
2026-01-14 15:36:00,MTR-03,Servo,Robotics Cell,1809.0,396.4,7.78,4.59,69.0,62.8,1.6,74.5,91.4,None,None
2026-01-14 15:36:00,MTR-04,Servo,Robotics Cell,1746.1,398.1,8.81,5.22,70.2,70.8,2.03,77.7,92.5,None,None
2026-01-14 15:36:00,MTR-05,Synchronous,Utility Room,1206.2,404.7,13.14,7.92,78.4,69.3,3.27,76.0,90.4,None,None
2026-01-14 15:36:00,MTR-06,Induction,Packaging Line,1487.0,398.0,12.03,7.13,76.3,70.2,2.77,76.9,90.8,None,None
2026-01-14 18:00:00,MTR-01,Induction,Assembly Line A,1482.8,400.1,10.99,6.55,72.2,68.5,1.52,76.2,90.6,None,None
2026-01-14 18:00:00,MTR-02,Induction,Assembly Line A,1471.8,394.4,11.64,6.84,76.5,72.4,2.57,80.0,92.0,None,None
2026-01-14 18:00:00,MTR-03,Servo,Robotics Cell,1890.2,396.5,7.89,4.66,67.8,69.7,1.71,71.7,92.1,None,None
2026-01-14 18:00:00,MTR-04,Servo,Robotics Cell,1753.3,404.7,8.91,5.37,72.4,67.2,1.95,74.5,92.1,None,None
2026-01-14 18:00:00,MTR-05,Synchronous,Utility Room,1229.8,404.2,14.07,8.47,82.6,75.9,2.59,75.1,89.4,None,None
2026-01-14 18:00:00,MTR-06,Induction,Packaging Line,1495.9,400.2,12.6,7.51,76.5,69.5,3.24,76.3,91.2,None,None
2026-01-14 20:24:00,MTR-01,Induction,Assembly Line A,1414.9,397.2,13.66,8.08,73.8,79.2,4.45,82.4,84.1,Loose Mounting,Low
2026-01-14 20:24:00,MTR-02,Induction,Assembly Line A,1503.2,396.2,12.14,7.17,77.7,71.5,2.56,77.2,92.2,None,None
2026-01-14 20:24:00,MTR-03,Servo,Robotics Cell,1814.1,398.0,9.09,5.39,71.6,64.8,1.84,75.0,91.2,None,None
2026-01-14 20:24:00,MTR-04,Servo,Robotics Cell,1773.8,398.6,8.89,5.28,72.5,69.8,2.31,77.0,91.1,None,None
2026-01-14 20:24:00,MTR-05,Synchronous,Utility Room,1186.3,399.0,13.41,7.97,81.0,70.1,2.79,77.2,91.5,None,None
2026-01-14 20:24:00,MTR-06,Induction,Packaging Line,1506.5,398.2,11.68,6.93,76.6,71.3,2.8,76.7,90.9,None,None
2026-01-14 22:48:00,MTR-01,Induction,Assembly Line A,1446.8,403.3,10.83,6.51,75.5,64.4,1.51,75.0,91.1,None,None
2026-01-14 22:48:00,MTR-02,Induction,Assembly Line A,1532.2,404.4,11.32,6.82,73.4,70.9,2.55,76.7,90.1,None,None
2026-01-14 22:48:00,MTR-03,Servo,Robotics Cell,1823.8,408.1,8.67,5.27,69.8,64.2,1.66,74.4,90.7,None,None
2026-01-14 22:48:00,MTR-04,Servo,Robotics Cell,1749.2,394.9,8.66,5.09,70.5,68.4,2.27,77.5,90.3,None,None
2026-01-14 22:48:00,MTR-05,Synchronous,Utility Room,1139.9,404.3,12.8,7.71,80.4,70.8,2.67,74.6,90.0,None,None
2026-01-14 22:48:00,MTR-06,Induction,Packaging Line,1497.1,402.1,12.36,7.41,74.0,73.3,2.7,77.1,90.8,None,None
2026-01-15 01:12:00,MTR-01,Induction,Assembly Line A,1481.3,404.3,10.19,6.14,74.7,65.8,1.73,75.5,92.2,None,None
2026-01-15 01:12:00,MTR-02,Induction,Assembly Line A,1463.0,397.1,11.85,7.01,78.8,70.6,2.55,73.8,90.7,None,None
2026-01-15 01:12:00,MTR-03,Servo,Robotics Cell,1808.3,401.5,8.21,4.91,74.5,65.3,1.77,74.5,90.6,None,None
2026-01-15 01:12:00,MTR-04,Servo,Robotics Cell,1782.3,397.6,8.86,5.25,71.4,66.3,2.22,74.9,90.8,None,None
2026-01-15 01:12:00,MTR-05,Synchronous,Utility Room,1205.2,398.9,14.42,8.57,81.3,69.8,3.14,77.5,89.9,None,None
2026-01-15 01:12:00,MTR-06,Induction,Packaging Line,1499.5,395.3,11.69,6.88,74.4,72.1,2.42,75.1,92.0,None,None
2026-01-15 03:36:00,MTR-01,Induction,Assembly Line A,1427.3,396.3,10.49,6.19,74.1,67.2,2.01,74.4,92.0,None,None
2026-01-15 03:36:00,MTR-02,Induction,Assembly Line A,1469.7,400.7,12.71,7.59,76.9,70.9,2.33,75.7,91.1,None,None
2026-01-15 03:36:00,MTR-03,Servo,Robotics Cell,1817.7,398.5,7.93,4.71,71.6,66.7,1.95,75.0,91.5,None,None
2026-01-15 03:36:00,MTR-04,Servo,Robotics Cell,1731.9,396.2,9.79,5.78,71.1,69.1,2.27,75.9,91.2,None,None
2026-01-15 03:36:00,MTR-05,Synchronous,Utility Room,1202.7,406.2,12.0,7.26,84.1,71.4,3.47,78.8,91.0,None,None
2026-01-15 03:36:00,MTR-06,Induction,Packaging Line,1477.3,396.6,11.89,7.03,81.0,70.2,2.84,78.8,91.5,None,None
2026-01-15 06:00:00,MTR-01,Induction,Assembly Line A,1488.4,393.1,11.01,6.45,80.9,68.2,1.96,77.9,90.9,None,None
2026-01-15 06:00:00,MTR-02,Induction,Assembly Line A,1449.6,395.7,11.42,6.73,79.5,70.7,2.36,75.7,91.0,None,None
2026-01-15 06:00:00,MTR-03,Servo,Robotics Cell,1814.7,401.5,7.96,4.76,71.8,64.4,1.65,75.3,91.1,None,None
2026-01-15 06:00:00,MTR-04,Servo,Robotics Cell,1792.5,404.9,8.45,5.09,74.1,71.3,2.01,73.8,91.1,None,None
2026-01-15 06:00:00,MTR-05,Synchronous,Utility Room,1222.3,404.8,12.84,7.74,79.2,77.7,3.15,73.3,90.9,None,None
2026-01-15 06:00:00,MTR-06,Induction,Packaging Line,1503.2,402.1,12.48,7.47,78.6,75.1,2.97,78.0,92.7,None,None
2026-01-15 08:24:00,MTR-01,Induction,Assembly Line A,1439.2,400.3,10.21,6.09,78.2,66.7,2.1,76.0,90.9,None,None
2026-01-15 08:24:00,MTR-02,Induction,Assembly Line A,1501.2,397.6,11.81,7.0,77.1,71.7,2.72,77.3,91.4,None,None
2026-01-15 08:24:00,MTR-03,Servo,Robotics Cell,1804.0,397.6,7.61,4.51,68.6,65.8,1.36,72.9,92.4,None,None
2026-01-15 08:24:00,MTR-04,Servo,Robotics Cell,1752.8,403.8,9.18,5.52,68.6,68.0,1.92,75.9,91.2,None,None
2026-01-15 08:24:00,MTR-05,Synchronous,Utility Room,1215.3,397.3,14.03,8.3,80.1,74.7,2.89,76.9,91.0,None,None
2026-01-15 08:24:00,MTR-06,Induction,Packaging Line,1515.0,395.9,12.04,7.1,81.2,68.9,2.57,76.2,91.5,None,None
2026-01-15 10:48:00,MTR-01,Induction,Assembly Line A,1515.2,402.4,11.55,6.92,74.3,64.7,1.92,73.4,91.4,None,None
2026-01-15 10:48:00,MTR-02,Induction,Assembly Line A,1519.8,397.1,11.15,6.6,77.1,71.4,2.6,74.5,90.9,None,None
2026-01-15 10:48:00,MTR-03,Servo,Robotics Cell,1791.7,403.7,8.67,5.21,68.0,65.4,1.73,74.3,91.2,None,None
2026-01-15 10:48:00,MTR-04,Servo,Robotics Cell,1746.6,407.2,8.33,5.05,76.4,68.7,1.93,73.4,90.9,None,None
2026-01-15 10:48:00,MTR-05,Synchronous,Utility Room,1201.0,395.2,11.97,7.05,76.9,73.5,2.6,75.4,89.4,None,None
2026-01-15 10:48:00,MTR-06,Induction,Packaging Line,1568.1,400.7,12.13,7.24,78.7,69.2,2.54,78.3,91.0,None,None
2026-01-15 13:12:00,MTR-01,Induction,Assembly Line A,1527.7,399.2,11.03,6.56,78.7,67.7,2.02,75.0,91.6,None,None
2026-01-15 13:12:00,MTR-02,Induction,Assembly Line A,1483.9,399.3,11.41,6.79,76.1,73.7,2.2,74.5,89.2,None,None
2026-01-15 13:12:00,MTR-03,Servo,Robotics Cell,1841.4,396.9,8.22,4.86,67.7,63.6,1.32,74.5,91.2,None,None
2026-01-15 13:12:00,MTR-04,Servo,Robotics Cell,1737.8,391.8,8.15,4.76,71.8,68.1,1.94,74.8,89.6,None,None
2026-01-15 13:12:00,MTR-05,Synchronous,Utility Room,1193.8,398.8,12.48,7.41,83.5,71.9,3.19,77.1,91.2,None,None
2026-01-15 13:12:00,MTR-06,Induction,Packaging Line,1469.6,399.6,12.77,7.6,76.0,74.1,2.67,79.2,90.0,None,None
2026-01-15 15:36:00,MTR-01,Induction,Assembly Line A,1483.7,402.7,10.17,6.1,78.0,68.0,2.24,76.6,91.4,None,None
2026-01-15 15:36:00,MTR-02,Induction,Assembly Line A,1475.7,405.0,11.97,7.22,75.3,71.3,2.41,77.8,91.0,None,None
2026-01-15 15:36:00,MTR-03,Servo,Robotics Cell,1776.2,398.3,8.15,4.84,69.6,62.6,1.76,74.1,91.9,None,None
2026-01-15 15:36:00,MTR-04,Servo,Robotics Cell,1748.3,404.6,9.99,6.02,69.0,65.7,1.9,73.7,91.3,None,None
2026-01-15 15:36:00,MTR-05,Synchronous,Utility Room,1148.1,396.6,13.15,7.77,79.8,71.8,2.84,77.3,92.3,None,None
2026-01-15 15:36:00,MTR-06,Induction,Packaging Line,1526.2,398.7,11.97,7.11,75.5,70.7,2.77,76.8,90.9,None,None
2026-01-15 18:00:00,MTR-01,Induction,Assembly Line A,1508.6,401.3,10.6,6.34,71.5,68.8,1.27,75.7,88.7,None,None
2026-01-15 18:00:00,MTR-02,Induction,Assembly Line A,1477.6,403.4,12.75,7.66,72.9,71.3,2.31,73.9,91.4,None,None
2026-01-15 18:00:00,MTR-03,Servo,Robotics Cell,1823.2,394.3,8.5,4.99,67.2,62.5,1.83,73.6,92.3,None,None
2026-01-15 18:00:00,MTR-04,Servo,Robotics Cell,1761.2,399.4,9.98,5.94,70.5,69.2,2.2,73.8,90.3,None,None
2026-01-15 18:00:00,MTR-05,Synchronous,Utility Room,1163.3,405.6,13.68,8.27,85.3,74.6,3.44,76.4,90.4,None,None
2026-01-15 18:00:00,MTR-06,Induction,Packaging Line,1495.2,395.6,12.7,7.48,78.2,76.1,3.19,77.6,90.7,None,None
2026-01-15 20:24:00,MTR-01,Induction,Assembly Line A,1488.4,394.8,10.41,6.12,76.8,70.7,1.88,79.0,91.3,None,None
2026-01-15 20:24:00,MTR-02,Induction,Assembly Line A,1512.9,402.0,11.38,6.81,76.4,72.3,2.54,74.6,92.3,None,None
2026-01-15 20:24:00,MTR-03,Servo,Robotics Cell,1830.7,405.3,9.12,5.5,67.7,64.3,2.06,73.7,92.3,None,None
2026-01-15 20:24:00,MTR-04,Servo,Robotics Cell,1777.7,401.2,8.56,5.12,76.9,70.9,1.76,72.4,90.8,None,None
2026-01-15 20:24:00,MTR-05,Synchronous,Utility Room,1137.9,402.0,12.88,7.71,81.6,74.9,3.2,74.1,90.8,None,None
2026-01-15 20:24:00,MTR-06,Induction,Packaging Line,1498.2,405.9,10.88,6.58,79.9,71.7,2.9,74.9,90.7,None,None
2026-01-15 22:48:00,MTR-01,Induction,Assembly Line A,1478.7,395.5,10.74,6.33,78.1,68.2,1.66,74.5,90.8,None,None
2026-01-15 22:48:00,MTR-02,Induction,Assembly Line A,1422.3,405.7,12.31,7.44,78.7,71.3,2.64,77.0,90.6,None,None
2026-01-15 22:48:00,MTR-03,Servo,Robotics Cell,1754.4,395.0,8.46,4.98,67.6,61.9,1.71,75.8,91.2,None,None
2026-01-15 22:48:00,MTR-04,Servo,Robotics Cell,1747.4,397.0,8.2,4.85,71.5,69.4,2.14,76.6,91.9,None,None
2026-01-15 22:48:00,MTR-05,Synchronous,Utility Room,1216.1,406.7,13.43,8.14,81.6,73.3,3.39,81.2,91.3,None,None
2026-01-15 22:48:00,MTR-06,Induction,Packaging Line,1473.8,393.8,11.48,6.73,77.6,69.5,2.33,74.6,91.7,None,None
2026-01-16 01:12:00,MTR-01,Induction,Assembly Line A,1467.1,399.5,10.92,6.5,74.7,69.4,1.75,73.1,92.1,None,None
2026-01-16 01:12:00,MTR-02,Induction,Assembly Line A,1473.0,405.1,12.04,7.26,74.8,70.0,2.32,74.8,91.5,None,None
2026-01-16 01:12:00,MTR-03,Servo,Robotics Cell,1793.0,399.5,8.26,4.91,67.4,63.8,2.02,72.9,92.5,None,None
2026-01-16 01:12:00,MTR-04,Servo,Robotics Cell,1740.4,402.4,8.82,5.29,68.1,70.1,2.19,75.3,91.8,None,None
2026-01-16 01:12:00,MTR-05,Synchronous,Utility Room,1207.2,400.1,14.39,8.58,80.6,72.0,3.39,77.0,89.6,None,None
2026-01-16 01:12:00,MTR-06,Induction,Packaging Line,1483.2,402.9,13.03,7.82,79.4,70.7,3.13,77.1,90.9,None,None
2026-01-16 03:36:00,MTR-01,Induction,Assembly Line A,1487.4,402.1,9.96,5.96,72.2,68.8,2.18,75.7,91.7,None,None
2026-01-16 03:36:00,MTR-02,Induction,Assembly Line A,1510.9,399.6,12.06,7.18,75.4,70.8,2.45,74.2,91.7,None,None
2026-01-16 03:36:00,MTR-03,Servo,Robotics Cell,1853.1,405.1,7.97,4.81,74.7,65.4,1.71,73.2,92.0,None,None
2026-01-16 03:36:00,MTR-04,Servo,Robotics Cell,1752.4,393.5,8.88,5.2,72.8,68.7,2.43,75.5,92.0,None,None
2026-01-16 03:36:00,MTR-05,Synchronous,Utility Room,1216.2,400.4,12.64,7.54,81.0,76.0,3.37,80.1,90.8,None,None
2026-01-16 03:36:00,MTR-06,Induction,Packaging Line,1562.0,402.3,12.3,7.37,85.6,71.6,2.91,74.7,91.0,None,None
2026-01-16 06:00:00,MTR-01,Induction,Assembly Line A,1466.5,397.8,11.28,6.68,76.6,71.1,2.45,77.4,91.2,None,None
2026-01-16 06:00:00,MTR-02,Induction,Assembly Line A,1488.0,395.3,11.16,6.57,76.9,73.9,2.55,74.2,91.2,None,None
2026-01-16 06:00:00,MTR-03,Servo,Robotics Cell,1835.9,403.0,7.4,4.44,69.4,65.2,1.35,73.1,93.1,None,None
2026-01-16 06:00:00,MTR-04,Servo,Robotics Cell,1763.7,403.3,9.76,5.86,66.2,69.2,1.69,72.1,91.0,None,None
2026-01-16 06:00:00,MTR-05,Synchronous,Utility Room,1183.8,400.6,13.1,7.82,81.9,70.8,3.13,76.4,90.5,None,None
2026-01-16 06:00:00,MTR-06,Induction,Packaging Line,1516.5,401.2,11.87,7.1,77.2,72.0,2.72,75.9,91.0,None,None
2026-01-16 08:24:00,MTR-01,Induction,Assembly Line A,1478.4,400.6,11.25,6.71,75.8,68.3,1.82,74.3,91.7,None,None
2026-01-16 08:24:00,MTR-02,Induction,Assembly Line A,1484.1,401.3,11.29,6.75,77.0,74.0,2.04,76.2,92.4,None,None
2026-01-16 08:24:00,MTR-03,Servo,Robotics Cell,1852.3,395.7,7.95,4.69,69.0,66.7,1.61,71.4,91.9,None,None
2026-01-16 08:24:00,MTR-04,Servo,Robotics Cell,1776.7,397.1,8.49,5.02,72.3,71.3,1.82,73.4,90.7,None,None
2026-01-16 08:24:00,MTR-05,Synchronous,Utility Room,1176.2,398.5,12.78,7.59,81.8,71.9,2.95,76.8,91.1,None,None
2026-01-16 08:24:00,MTR-06,Induction,Packaging Line,1502.9,402.6,11.63,6.98,76.5,74.1,2.88,77.2,90.2,None,None
2026-01-16 10:48:00,MTR-01,Induction,Assembly Line A,1493.8,398.3,11.22,6.65,71.6,69.1,1.69,77.6,90.9,None,None
2026-01-16 10:48:00,MTR-02,Induction,Assembly Line A,1478.9,406.5,11.71,7.09,80.6,69.9,2.33,75.0,91.3,None,None
2026-01-16 10:48:00,MTR-03,Servo,Robotics Cell,1803.0,404.7,9.18,5.53,70.7,62.9,1.55,74.9,90.9,None,None
2026-01-16 10:48:00,MTR-04,Servo,Robotics Cell,1793.4,404.7,9.1,5.49,70.0,71.3,1.93,71.9,90.8,None,None
2026-01-16 10:48:00,MTR-05,Synchronous,Utility Room,1236.2,404.2,12.7,7.65,81.0,75.7,3.18,76.9,90.9,None,None
2026-01-16 10:48:00,MTR-06,Induction,Packaging Line,1488.6,402.9,11.48,6.89,77.0,74.3,2.53,74.7,90.4,None,None
2026-01-16 13:12:00,MTR-01,Induction,Assembly Line A,1446.4,400.2,10.65,6.35,76.8,67.9,2.15,75.6,91.5,None,None
2026-01-16 13:12:00,MTR-02,Induction,Assembly Line A,1502.8,394.0,10.77,6.32,74.5,72.5,2.16,75.6,91.2,None,None
2026-01-16 13:12:00,MTR-03,Servo,Robotics Cell,1813.1,400.2,8.24,4.91,69.9,64.8,1.45,73.2,91.5,None,None
2026-01-16 13:12:00,MTR-04,Servo,Robotics Cell,1733.1,397.9,9.44,5.6,73.9,72.6,1.67,72.9,90.7,None,None
2026-01-16 13:12:00,MTR-05,Synchronous,Utility Room,1205.2,398.5,12.09,7.17,80.2,74.4,3.01,78.6,91.0,None,None
2026-01-16 13:12:00,MTR-06,Induction,Packaging Line,1511.9,395.1,11.98,7.05,79.1,70.4,2.86,77.9,90.9,None,None
2026-01-16 15:36:00,MTR-01,Induction,Assembly Line A,1416.0,398.4,9.6,5.7,76.3,68.6,2.0,76.9,92.1,None,None
2026-01-16 15:36:00,MTR-02,Induction,Assembly Line A,1487.4,402.3,12.08,7.24,76.0,72.6,2.52,74.7,90.3,None,None
2026-01-16 15:36:00,MTR-03,Servo,Robotics Cell,1829.1,391.8,7.8,4.55,70.5,64.0,1.39,77.1,91.6,None,None
2026-01-16 15:36:00,MTR-04,Servo,Robotics Cell,1739.7,403.2,9.63,5.78,71.4,69.5,1.9,75.7,91.1,None,None
2026-01-16 15:36:00,MTR-05,Synchronous,Utility Room,1205.7,400.7,13.12,7.83,82.9,76.6,2.92,76.6,89.8,None,None
2026-01-16 15:36:00,MTR-06,Induction,Packaging Line,1505.6,395.8,12.32,7.26,77.8,70.5,2.65,75.3,90.4,None,None
2026-01-16 18:00:00,MTR-01,Induction,Assembly Line A,1488.6,397.6,10.8,6.4,73.4,70.3,1.86,76.5,91.8,None,None
2026-01-16 18:00:00,MTR-02,Induction,Assembly Line A,1499.4,390.6,11.07,6.44,77.2,73.7,2.52,73.4,92.6,None,None
2026-01-16 18:00:00,MTR-03,Servo,Robotics Cell,1819.6,394.5,8.11,4.76,73.7,62.9,1.53,69.6,90.8,None,None
2026-01-16 18:00:00,MTR-04,Servo,Robotics Cell,1785.9,401.1,9.67,5.78,73.2,72.0,2.21,74.3,92.0,None,None
2026-01-16 18:00:00,MTR-05,Synchronous,Utility Room,1186.8,397.7,13.23,7.84,83.2,71.3,2.54,78.0,89.2,None,None
2026-01-16 18:00:00,MTR-06,Induction,Packaging Line,1541.0,404.2,12.18,7.34,73.6,72.1,2.11,77.1,89.3,None,None
2026-01-16 20:24:00,MTR-01,Induction,Assembly Line A,1494.6,400.5,10.38,6.19,76.9,67.0,1.87,76.0,90.6,None,None
2026-01-16 20:24:00,MTR-02,Induction,Assembly Line A,1501.2,398.3,11.1,6.59,74.8,75.4,2.75,77.5,91.4,None,None
2026-01-16 20:24:00,MTR-03,Servo,Robotics Cell,1856.9,406.2,8.57,5.19,76.3,63.8,1.34,76.3,91.6,None,None
2026-01-16 20:24:00,MTR-04,Servo,Robotics Cell,1768.7,403.1,9.26,5.56,74.9,69.4,2.04,75.7,91.6,None,None
2026-01-16 20:24:00,MTR-05,Synchronous,Utility Room,1195.4,405.8,13.19,7.97,85.3,76.5,2.99,72.9,90.6,None,None
2026-01-16 20:24:00,MTR-06,Induction,Packaging Line,1517.4,398.0,12.84,7.61,79.7,73.4,2.64,78.9,92.0,None,None
2026-01-16 22:48:00,MTR-01,Induction,Assembly Line A,1469.3,400.5,12.14,7.25,76.1,66.1,2.37,75.3,91.6,None,None
2026-01-16 22:48:00,MTR-02,Induction,Assembly Line A,1441.3,391.7,16.34,9.53,69.7,82.9,6.02,88.3,80.7,Misalignment,Medium
2026-01-16 22:48:00,MTR-03,Servo,Robotics Cell,1875.2,399.3,8.93,5.31,67.0,67.7,1.34,73.3,90.8,None,None
2026-01-16 22:48:00,MTR-04,Servo,Robotics Cell,1747.0,398.5,8.37,4.97,72.8,72.6,1.96,76.9,91.4,None,None
2026-01-16 22:48:00,MTR-05,Synchronous,Utility Room,1185.6,401.5,13.73,8.21,82.9,73.4,3.76,76.3,91.3,None,None
2026-01-16 22:48:00,MTR-06,Induction,Packaging Line,1494.6,393.5,11.98,7.02,75.2,70.7,2.62,76.9,89.5,None,None
2026-01-17 01:12:00,MTR-01,Induction,Assembly Line A,1470.7,406.5,10.55,6.39,76.9,70.7,1.84,74.9,90.5,None,None
2026-01-17 01:12:00,MTR-02,Induction,Assembly Line A,1549.4,406.3,11.36,6.87,77.4,71.6,2.72,78.0,90.8,None,None
2026-01-17 01:12:00,MTR-03,Servo,Robotics Cell,1814.5,400.2,8.51,5.07,71.6,61.3,1.92,73.6,91.9,None,None
2026-01-17 01:12:00,MTR-04,Servo,Robotics Cell,1737.9,395.6,10.05,5.92,73.1,69.8,2.38,77.7,91.0,None,None
2026-01-17 01:12:00,MTR-05,Synchronous,Utility Room,1188.1,404.6,13.28,8.0,80.9,74.2,2.69,78.4,90.8,None,None
2026-01-17 01:12:00,MTR-06,Induction,Packaging Line,1508.5,397.8,11.85,7.02,77.6,71.4,2.34,75.4,90.7,None,None
2026-01-17 03:36:00,MTR-01,Induction,Assembly Line A,1472.8,399.1,10.19,6.06,79.1,68.2,1.6,73.4,91.5,None,None
2026-01-17 03:36:00,MTR-02,Induction,Assembly Line A,1505.5,399.4,11.43,6.8,76.3,74.1,2.8,76.9,92.2,None,None
2026-01-17 03:36:00,MTR-03,Servo,Robotics Cell,1817.1,390.4,8.23,4.79,66.7,65.0,1.34,74.5,91.3,None,None
2026-01-17 03:36:00,MTR-04,Servo,Robotics Cell,1727.6,399.2,9.42,5.6,67.4,68.7,2.02,74.9,92.7,None,None
2026-01-17 03:36:00,MTR-05,Synchronous,Utility Room,1188.5,397.3,13.07,7.73,86.1,72.8,3.65,78.8,90.0,None,None
2026-01-17 03:36:00,MTR-06,Induction,Packaging Line,1521.7,403.1,11.65,7.0,79.1,69.8,3.02,77.1,90.2,None,None
2026-01-17 06:00:00,MTR-01,Induction,Assembly Line A,1458.6,406.5,10.93,6.62,74.7,68.4,2.11,75.1,91.4,None,None
2026-01-17 06:00:00,MTR-02,Induction,Assembly Line A,1505.2,414.7,10.84,6.7,75.6,70.4,2.6,76.7,92.4,None,None
2026-01-17 06:00:00,MTR-03,Servo,Robotics Cell,1804.2,398.2,7.95,4.71,71.2,66.9,1.59,74.3,91.2,None,None
2026-01-17 06:00:00,MTR-04,Servo,Robotics Cell,1752.9,397.1,8.95,5.29,75.2,70.9,2.28,75.5,92.0,None,None
2026-01-17 06:00:00,MTR-05,Synchronous,Utility Room,1077.4,394.2,19.81,11.63,78.6,88.8,8.31,91.5,78.0,Overheating,High
2026-01-17 06:00:00,MTR-06,Induction,Packaging Line,1558.4,401.1,12.58,7.52,82.4,70.5,2.69,75.8,91.1,None,None
2026-01-17 08:24:00,MTR-01,Induction,Assembly Line A,1431.8,402.9,10.65,6.39,74.1,67.6,2.0,76.4,91.4,None,None
2026-01-17 08:24:00,MTR-02,Induction,Assembly Line A,1522.5,403.2,10.97,6.59,77.9,74.2,2.81,77.1,91.1,None,None
2026-01-17 08:24:00,MTR-03,Servo,Robotics Cell,1838.1,403.1,8.53,5.12,67.4,62.2,1.38,73.8,91.0,None,None
2026-01-17 08:24:00,MTR-04,Servo,Robotics Cell,1744.7,402.2,9.37,5.62,72.8,68.2,1.71,71.6,91.3,None,None
2026-01-17 08:24:00,MTR-05,Synchronous,Utility Room,1087.3,393.5,19.91,11.67,78.1,92.9,8.38,92.8,79.2,Overheating,High
2026-01-17 08:24:00,MTR-06,Induction,Packaging Line,1483.7,394.3,12.91,7.58,75.9,73.6,2.81,75.8,91.1,None,None
2026-01-17 10:48:00,MTR-01,Induction,Assembly Line A,1473.1,407.1,11.07,6.71,77.3,70.4,2.31,77.0,91.7,None,None
2026-01-17 10:48:00,MTR-02,Induction,Assembly Line A,1507.9,400.1,11.03,6.58,77.8,69.8,2.31,76.4,91.0,None,None
2026-01-17 10:48:00,MTR-03,Servo,Robotics Cell,1782.3,398.8,8.16,4.85,69.6,63.3,1.62,73.4,92.3,None,None
2026-01-17 10:48:00,MTR-04,Servo,Robotics Cell,1789.3,400.7,9.84,5.87,70.7,70.3,1.83,76.0,91.7,None,None
2026-01-17 10:48:00,MTR-05,Synchronous,Utility Room,1075.1,385.5,18.53,10.64,76.2,91.5,8.34,91.5,78.1,Overheating,High
2026-01-17 10:48:00,MTR-06,Induction,Packaging Line,1477.1,398.4,11.65,6.91,78.4,66.8,2.61,74.8,90.7,None,None
2026-01-17 13:12:00,MTR-01,Induction,Assembly Line A,1444.3,403.2,10.05,6.04,75.1,67.3,2.33,76.5,92.3,None,None
2026-01-17 13:12:00,MTR-02,Induction,Assembly Line A,1472.4,406.6,11.35,6.88,79.8,70.9,2.62,72.7,90.4,None,None
2026-01-17 13:12:00,MTR-03,Servo,Robotics Cell,1825.7,393.7,8.15,4.78,66.7,62.5,1.57,72.9,91.8,None,None
2026-01-17 13:12:00,MTR-04,Servo,Robotics Cell,1762.8,395.5,9.72,5.72,75.6,69.0,2.53,71.4,91.3,None,None
2026-01-17 13:12:00,MTR-05,Synchronous,Utility Room,1063.9,396.8,20.07,11.86,76.2,90.4,8.43,89.1,76.9,Overheating,High
2026-01-17 13:12:00,MTR-06,Induction,Packaging Line,1518.5,401.5,12.27,7.34,72.3,74.3,2.81,76.9,91.4,None,None
2026-01-17 15:36:00,MTR-01,Induction,Assembly Line A,1468.3,400.5,10.84,6.47,76.9,70.7,1.91,75.6,90.6,None,None
2026-01-17 15:36:00,MTR-02,Induction,Assembly Line A,1521.3,406.8,11.3,6.85,75.6,72.2,2.78,75.2,91.6,None,None
2026-01-17 15:36:00,MTR-03,Servo,Robotics Cell,1751.7,402.6,8.7,5.22,66.3,63.3,1.6,74.5,92.6,None,None
2026-01-17 15:36:00,MTR-04,Servo,Robotics Cell,1755.5,398.2,8.72,5.17,71.5,70.1,1.78,75.0,91.6,None,None
2026-01-17 15:36:00,MTR-05,Synchronous,Utility Room,1121.3,390.5,18.87,10.98,77.0,92.5,8.38,91.1,79.3,Overheating,High
2026-01-17 15:36:00,MTR-06,Induction,Packaging Line,1554.5,401.0,11.22,6.7,84.0,74.9,2.53,77.4,90.0,None,None
2026-01-17 18:00:00,MTR-01,Induction,Assembly Line A,1408.5,396.5,13.22,7.81,69.1,75.9,4.61,81.1,85.9,Electrical Overload,Low
2026-01-17 18:00:00,MTR-02,Induction,Assembly Line A,1467.6,401.5,12.14,7.26,81.9,71.4,2.18,74.1,91.3,None,None
2026-01-17 18:00:00,MTR-03,Servo,Robotics Cell,1898.5,398.8,7.16,4.25,67.8,63.7,0.91,74.6,92.1,None,None
2026-01-17 18:00:00,MTR-04,Servo,Robotics Cell,1788.8,403.3,8.53,5.12,74.0,67.4,1.86,76.2,91.4,None,None
2026-01-17 18:00:00,MTR-05,Synchronous,Utility Room,1092.7,392.2,19.56,11.43,79.0,94.6,8.79,91.1,78.7,Overheating,High
2026-01-17 18:00:00,MTR-06,Induction,Packaging Line,1511.9,390.5,11.98,6.97,75.8,71.9,2.98,75.6,91.7,None,None
2026-01-17 20:24:00,MTR-01,Induction,Assembly Line A,1467.6,396.9,11.56,6.83,75.5,68.4,2.32,75.1,91.3,None,None
2026-01-17 20:24:00,MTR-02,Induction,Assembly Line A,1479.2,403.4,11.37,6.83,79.3,71.0,2.26,78.5,89.2,None,None
2026-01-17 20:24:00,MTR-03,Servo,Robotics Cell,1845.9,392.1,7.47,4.37,70.6,64.3,1.41,73.7,90.7,None,None
2026-01-17 20:24:00,MTR-04,Servo,Robotics Cell,1734.1,404.1,8.8,5.29,70.2,70.0,1.71,74.2,91.9,None,None
2026-01-17 20:24:00,MTR-05,Synchronous,Utility Room,1116.8,393.6,19.22,11.27,77.4,94.1,8.61,95.3,78.0,Overheating,High
2026-01-17 20:24:00,MTR-06,Induction,Packaging Line,1502.7,402.2,12.2,7.31,79.4,74.0,2.77,77.6,90.3,None,None
2026-01-17 22:48:00,MTR-01,Induction,Assembly Line A,1523.1,389.6,9.7,5.63,74.8,67.7,2.0,76.2,91.6,None,None
2026-01-17 22:48:00,MTR-02,Induction,Assembly Line A,1478.5,407.6,11.11,6.74,73.4,70.5,2.47,76.7,90.7,None,None
2026-01-17 22:48:00,MTR-03,Servo,Robotics Cell,1835.4,400.9,8.31,4.96,72.7,62.1,1.72,73.6,91.4,None,None
2026-01-17 22:48:00,MTR-04,Servo,Robotics Cell,1694.7,397.5,9.01,5.33,70.2,72.8,1.81,76.4,92.0,None,None
2026-01-17 22:48:00,MTR-05,Synchronous,Utility Room,1020.6,386.8,19.1,11.01,76.5,90.4,8.57,90.1,77.5,Overheating,High
2026-01-17 22:48:00,MTR-06,Induction,Packaging Line,1463.0,402.2,12.37,7.41,76.6,75.3,2.88,76.6,91.2,None,None
2026-01-18 01:12:00,MTR-01,Induction,Assembly Line A,1503.8,400.8,11.33,6.76,75.8,69.2,1.86,76.3,91.4,None,None
2026-01-18 01:12:00,MTR-02,Induction,Assembly Line A,1525.9,400.3,11.75,7.01,76.2,71.2,2.34,79.0,90.9,None,None
2026-01-18 01:12:00,MTR-03,Servo,Robotics Cell,1857.8,406.5,8.61,5.22,68.2,62.9,1.05,76.1,91.6,None,None
2026-01-18 01:12:00,MTR-04,Servo,Robotics Cell,1764.0,393.3,8.85,5.18,73.5,72.0,2.23,74.9,91.3,None,None
2026-01-18 01:12:00,MTR-05,Synchronous,Utility Room,1123.2,391.3,19.57,11.41,73.4,92.7,8.6,94.0,77.9,Overheating,High
2026-01-18 01:12:00,MTR-06,Induction,Packaging Line,1472.6,406.7,12.25,7.42,76.1,71.0,2.77,78.5,91.6,None,None
2026-01-18 03:36:00,MTR-01,Induction,Assembly Line A,1406.4,393.6,10.15,5.95,73.6,68.0,1.94,72.3,90.6,None,None
2026-01-18 03:36:00,MTR-02,Induction,Assembly Line A,1469.8,397.3,11.51,6.81,71.4,71.7,2.56,79.8,91.2,None,None
2026-01-18 03:36:00,MTR-03,Servo,Robotics Cell,1795.9,398.1,8.49,5.03,73.2,62.7,1.57,76.2,91.7,None,None
2026-01-18 03:36:00,MTR-04,Servo,Robotics Cell,1744.4,406.9,9.82,5.95,72.2,70.9,1.89,73.4,91.0,None,None
2026-01-18 03:36:00,MTR-05,Synchronous,Utility Room,1083.0,394.0,19.48,11.43,76.5,91.1,8.66,92.5,77.2,Overheating,High
2026-01-18 03:36:00,MTR-06,Induction,Packaging Line,1538.5,401.8,11.51,6.89,81.5,73.8,2.94,78.4,92.1,None,None
2026-01-18 06:00:00,MTR-01,Induction,Assembly Line A,1525.4,398.1,10.6,6.29,75.5,66.6,1.52,74.8,90.6,None,None
2026-01-18 06:00:00,MTR-02,Induction,Assembly Line A,1491.1,400.2,11.64,6.94,74.9,71.6,2.49,77.1,90.6,None,None
2026-01-18 06:00:00,MTR-03,Servo,Robotics Cell,1820.2,389.5,7.59,4.4,73.7,66.0,1.21,73.6,91.8,None,None
2026-01-18 06:00:00,MTR-04,Servo,Robotics Cell,1773.9,405.8,9.42,5.69,73.1,68.5,1.9,75.7,91.1,None,None
2026-01-18 06:00:00,MTR-05,Synchronous,Utility Room,1143.5,397.0,19.9,11.77,77.2,90.5,8.2,91.3,78.0,Overheating,High
2026-01-18 06:00:00,MTR-06,Induction,Packaging Line,1548.6,406.6,11.98,7.25,77.0,70.4,3.32,76.5,91.7,None,None
2026-01-18 08:24:00,MTR-01,Induction,Assembly Line A,1453.7,400.7,11.0,6.57,77.3,69.4,1.67,76.5,90.7,None,None
2026-01-18 08:24:00,MTR-02,Induction,Assembly Line A,1470.0,400.5,10.68,6.37,78.5,71.9,2.27,75.2,91.7,None,None
2026-01-18 08:24:00,MTR-03,Servo,Robotics Cell,1802.0,399.8,8.39,5.0,71.2,64.4,1.86,72.8,91.6,None,None
2026-01-18 08:24:00,MTR-04,Servo,Robotics Cell,1790.6,394.9,9.22,5.42,75.5,69.0,2.08,76.8,91.9,None,None
2026-01-18 08:24:00,MTR-05,Synchronous,Utility Room,1075.8,392.4,18.88,11.04,81.1,92.0,8.65,89.8,78.1,Overheating,High
2026-01-18 08:24:00,MTR-06,Induction,Packaging Line,1441.5,398.2,11.95,7.08,81.5,73.5,2.97,74.4,91.3,None,None
2026-01-18 10:48:00,MTR-01,Induction,Assembly Line A,1420.6,399.2,13.66,8.12,76.2,76.1,4.55,83.1,85.9,Bearing Wear,Low
2026-01-18 10:48:00,MTR-02,Induction,Assembly Line A,1440.4,408.3,10.84,6.59,77.7,74.4,2.76,77.0,90.4,None,None
2026-01-18 10:48:00,MTR-03,Servo,Robotics Cell,1843.5,400.7,8.63,5.15,73.1,65.0,1.69,73.1,91.1,None,None
2026-01-18 10:48:00,MTR-04,Servo,Robotics Cell,1756.9,398.9,8.15,4.84,68.9,72.1,2.02,76.1,91.7,None,None
2026-01-18 10:48:00,MTR-05,Synchronous,Utility Room,1084.4,391.7,19.83,11.57,77.3,90.6,8.36,90.6,76.6,Overheating,High
2026-01-18 10:48:00,MTR-06,Induction,Packaging Line,1529.8,397.9,11.3,6.7,76.1,75.9,2.88,76.4,89.7,None,None
2026-01-18 13:12:00,MTR-01,Induction,Assembly Line A,1529.9,394.5,10.29,6.05,76.8,71.3,1.74,72.6,91.0,None,None
2026-01-18 13:12:00,MTR-02,Induction,Assembly Line A,1490.8,398.9,10.38,6.17,78.2,73.6,2.48,75.1,90.6,None,None
2026-01-18 13:12:00,MTR-03,Servo,Robotics Cell,1791.4,400.8,6.89,4.12,62.5,63.6,1.84,74.0,91.6,None,None
2026-01-18 13:12:00,MTR-04,Servo,Robotics Cell,1803.3,401.3,8.78,5.25,76.1,69.4,2.37,76.9,90.2,None,None
2026-01-18 13:12:00,MTR-05,Synchronous,Utility Room,1054.1,394.0,19.93,11.7,76.7,95.7,8.39,94.3,78.2,Overheating,High
2026-01-18 13:12:00,MTR-06,Induction,Packaging Line,1519.9,391.2,12.35,7.2,80.9,69.8,3.04,76.8,90.6,None,None
2026-01-18 15:36:00,MTR-01,Induction,Assembly Line A,1456.8,397.0,10.41,6.15,74.5,67.0,2.57,75.5,91.9,None,None
2026-01-18 15:36:00,MTR-02,Induction,Assembly Line A,1426.9,401.8,11.79,7.05,74.7,71.2,2.21,76.2,90.0,None,None
2026-01-18 15:36:00,MTR-03,Servo,Robotics Cell,1829.5,402.1,8.73,5.23,66.9,64.2,1.56,71.8,91.4,None,None
2026-01-18 15:36:00,MTR-04,Servo,Robotics Cell,1755.7,394.6,9.68,5.69,72.1,70.5,1.74,74.8,93.4,None,None
2026-01-18 15:36:00,MTR-05,Synchronous,Utility Room,1035.6,401.4,18.74,11.21,83.0,94.8,8.5,90.7,78.1,Overheating,High
2026-01-18 15:36:00,MTR-06,Induction,Packaging Line,1547.1,400.4,12.08,7.2,80.0,72.1,2.77,79.5,90.5,None,None
2026-01-18 18:00:00,MTR-01,Induction,Assembly Line A,1455.0,388.1,10.04,5.8,75.6,65.3,1.44,72.8,92.2,None,None
2026-01-18 18:00:00,MTR-02,Induction,Assembly Line A,1513.6,398.4,11.25,6.68,75.8,75.1,2.59,76.6,90.7,None,None
2026-01-18 18:00:00,MTR-03,Servo,Robotics Cell,1789.6,406.8,8.05,4.88,64.6,65.0,1.47,71.0,92.2,None,None
2026-01-18 18:00:00,MTR-04,Servo,Robotics Cell,1731.8,408.0,9.57,5.81,72.4,72.1,2.16,77.5,90.6,None,None
2026-01-18 18:00:00,MTR-05,Synchronous,Utility Room,1132.5,391.7,18.93,11.05,73.4,92.5,8.33,94.7,78.4,Overheating,High
2026-01-18 18:00:00,MTR-06,Induction,Packaging Line,1452.1,400.9,12.2,7.29,76.2,72.4,2.33,76.9,91.1,None,None
2026-01-18 20:24:00,MTR-01,Induction,Assembly Line A,1486.5,403.5,10.3,6.19,77.2,69.5,2.18,74.0,91.7,None,None
2026-01-18 20:24:00,MTR-02,Induction,Assembly Line A,1517.1,402.0,11.4,6.83,74.5,71.3,2.68,73.2,90.6,None,None
2026-01-18 20:24:00,MTR-03,Servo,Robotics Cell,1818.5,401.0,7.8,4.66,72.5,61.3,1.4,72.9,91.0,None,None
2026-01-18 20:24:00,MTR-04,Servo,Robotics Cell,1798.7,401.4,8.76,5.24,71.1,69.7,1.68,71.0,91.8,None,None
2026-01-18 20:24:00,MTR-05,Synchronous,Utility Room,1102.3,393.2,19.34,11.33,77.5,92.7,8.67,94.3,77.4,Overheating,High
2026-01-18 20:24:00,MTR-06,Induction,Packaging Line,1502.9,402.9,12.23,7.34,78.6,71.0,2.73,78.0,90.1,None,None
2026-01-18 22:48:00,MTR-01,Induction,Assembly Line A,1443.6,394.7,10.85,6.38,77.3,69.1,1.8,75.0,91.7,None,None
2026-01-18 22:48:00,MTR-02,Induction,Assembly Line A,1514.5,390.1,10.67,6.2,78.1,71.3,2.38,73.6,92.4,None,None
2026-01-18 22:48:00,MTR-03,Servo,Robotics Cell,1828.4,400.7,8.73,5.21,66.3,64.3,1.8,73.9,91.8,None,None
2026-01-18 22:48:00,MTR-04,Servo,Robotics Cell,1783.3,406.3,9.39,5.69,68.8,73.0,2.23,75.7,91.4,None,None
2026-01-18 22:48:00,MTR-05,Synchronous,Utility Room,1076.9,386.5,19.26,11.09,78.4,95.6,7.94,92.5,77.9,Overheating,High
2026-01-18 22:48:00,MTR-06,Induction,Packaging Line,1474.3,405.2,12.89,7.78,72.5,72.1,2.61,78.3,90.7,None,None
2026-01-19 01:12:00,MTR-01,Induction,Assembly Line A,1510.8,395.5,11.73,6.91,71.2,67.5,2.26,75.1,91.0,None,None
2026-01-19 01:12:00,MTR-02,Induction,Assembly Line A,1470.6,403.3,11.29,6.78,77.8,71.0,2.65,73.1,92.1,None,None
2026-01-19 01:12:00,MTR-03,Servo,Robotics Cell,1830.6,401.9,8.46,5.07,71.5,63.6,1.97,73.4,91.8,None,None
2026-01-19 01:12:00,MTR-04,Servo,Robotics Cell,1691.5,397.4,9.11,5.39,70.3,68.1,1.99,78.5,92.0,None,None
2026-01-19 01:12:00,MTR-05,Synchronous,Utility Room,1062.5,387.6,18.56,10.72,75.8,94.6,8.12,91.6,79.4,Overheating,High
2026-01-19 01:12:00,MTR-06,Induction,Packaging Line,1523.2,403.3,11.52,6.92,81.5,72.0,2.94,76.3,89.8,None,None
2026-01-19 03:36:00,MTR-01,Induction,Assembly Line A,1431.3,404.4,11.63,7.01,77.7,67.0,2.08,73.7,90.9,None,None
2026-01-19 03:36:00,MTR-02,Induction,Assembly Line A,1459.9,395.8,10.86,6.4,74.1,71.9,2.52,75.2,90.3,None,None
2026-01-19 03:36:00,MTR-03,Servo,Robotics Cell,1811.1,397.1,7.38,4.36,70.9,67.3,1.71,75.0,93.7,None,None
2026-01-19 03:36:00,MTR-04,Servo,Robotics Cell,1724.2,403.2,8.96,5.38,71.8,65.9,2.13,76.0,91.9,None,None
2026-01-19 03:36:00,MTR-05,Synchronous,Utility Room,1099.1,398.8,19.88,11.81,75.7,89.8,8.19,93.0,79.2,Overheating,High
2026-01-19 03:36:00,MTR-06,Induction,Packaging Line,1540.6,393.7,11.93,7.0,82.2,73.4,2.68,74.3,89.2,None,None
2026-01-19 06:00:00,MTR-01,Induction,Assembly Line A,1523.7,397.8,11.35,6.73,75.5,68.6,2.2,74.2,91.3,None,None
2026-01-19 06:00:00,MTR-02,Induction,Assembly Line A,1477.0,396.9,12.35,7.3,77.2,71.3,2.82,75.0,91.2,None,None
2026-01-19 06:00:00,MTR-03,Servo,Robotics Cell,1814.5,395.6,7.98,4.7,70.8,63.7,1.45,71.7,92.7,None,None
2026-01-19 06:00:00,MTR-04,Servo,Robotics Cell,1815.6,400.0,9.5,5.66,69.0,68.5,2.27,72.6,90.9,None,None
2026-01-19 06:00:00,MTR-05,Synchronous,Utility Room,1075.7,395.9,19.66,11.6,80.8,93.4,8.16,91.5,78.0,Overheating,High
2026-01-19 06:00:00,MTR-06,Induction,Packaging Line,1542.7,404.2,12.33,7.42,83.2,71.9,2.82,79.0,90.9,None,None
2026-01-19 08:24:00,MTR-01,Induction,Assembly Line A,1493.5,402.9,11.13,6.68,74.2,71.2,2.36,74.3,91.6,None,None
2026-01-19 08:24:00,MTR-02,Induction,Assembly Line A,1530.0,399.4,11.91,7.09,78.1,70.0,2.46,74.4,91.9,None,None
2026-01-19 08:24:00,MTR-03,Servo,Robotics Cell,1841.2,402.1,8.35,5.0,70.4,65.6,1.63,75.4,92.1,None,None
2026-01-19 08:24:00,MTR-04,Servo,Robotics Cell,1795.0,397.2,9.5,5.62,72.3,72.1,2.09,77.0,91.6,None,None
2026-01-19 08:24:00,MTR-05,Synchronous,Utility Room,1082.8,393.9,18.76,11.01,77.9,95.5,8.41,94.4,77.9,Overheating,High
2026-01-19 08:24:00,MTR-06,Induction,Packaging Line,1465.0,404.4,11.55,6.96,76.1,76.1,3.03,79.3,91.5,None,None
2026-01-19 10:48:00,MTR-01,Induction,Assembly Line A,1412.7,404.8,13.52,8.15,76.3,75.7,4.47,77.4,84.6,Bearing Wear,Low
2026-01-19 10:48:00,MTR-02,Induction,Assembly Line A,1528.0,405.2,11.92,7.2,77.7,68.8,2.33,74.2,91.5,None,None
2026-01-19 10:48:00,MTR-03,Servo,Robotics Cell,1862.9,397.8,8.42,4.99,68.8,65.1,1.45,72.7,91.3,None,None
2026-01-19 10:48:00,MTR-04,Servo,Robotics Cell,1811.5,397.1,8.57,5.07,66.7,67.5,2.35,77.2,90.9,None,None
2026-01-19 10:48:00,MTR-05,Synchronous,Utility Room,1047.5,384.4,20.01,11.46,80.3,92.2,8.42,90.3,77.3,Overheating,High
2026-01-19 10:48:00,MTR-06,Induction,Packaging Line,1551.9,393.3,12.87,7.54,77.9,73.6,2.68,77.2,91.2,None,None
2026-01-19 13:12:00,MTR-01,Induction,Assembly Line A,1392.4,397.4,14.42,8.54,69.0,77.5,4.21,80.5,85.8,Misalignment,Low
2026-01-19 13:12:00,MTR-02,Induction,Assembly Line A,1484.7,393.3,11.47,6.72,79.4,68.3,2.63,76.7,92.3,None,None
2026-01-19 13:12:00,MTR-03,Servo,Robotics Cell,1801.8,401.2,8.9,5.32,71.2,65.3,0.95,75.4,91.1,None,None
2026-01-19 13:12:00,MTR-04,Servo,Robotics Cell,1775.3,399.7,9.2,5.48,72.4,68.4,2.35,75.8,91.7,None,None
2026-01-19 13:12:00,MTR-05,Synchronous,Utility Room,1138.2,391.3,19.69,11.47,80.7,92.4,8.34,95.8,77.6,Overheating,High
2026-01-19 13:12:00,MTR-06,Induction,Packaging Line,1549.0,400.7,11.67,6.97,76.3,74.7,2.19,77.2,91.4,None,None
2026-01-19 15:36:00,MTR-01,Induction,Assembly Line A,1498.7,392.9,10.44,6.11,77.3,66.2,1.76,75.1,89.8,None,None
2026-01-19 15:36:00,MTR-02,Induction,Assembly Line A,1512.9,393.7,10.97,6.43,77.6,71.9,1.96,75.9,90.3,None,None
2026-01-19 15:36:00,MTR-03,Servo,Robotics Cell,1814.6,399.5,8.19,4.87,71.7,66.7,1.6,76.2,92.2,None,None
2026-01-19 15:36:00,MTR-04,Servo,Robotics Cell,1772.8,395.8,9.31,5.49,70.0,70.7,2.39,75.9,90.6,None,None
2026-01-19 15:36:00,MTR-05,Synchronous,Utility Room,1100.2,394.0,20.07,11.78,80.6,92.5,8.35,95.0,78.8,Overheating,High
2026-01-19 15:36:00,MTR-06,Induction,Packaging Line,1509.3,397.5,12.53,7.42,78.5,70.3,2.92,72.8,91.1,None,None
2026-01-19 18:00:00,MTR-01,Induction,Assembly Line A,1468.0,388.8,10.25,5.94,77.8,70.5,1.31,74.4,90.5,None,None
2026-01-19 18:00:00,MTR-02,Induction,Assembly Line A,1501.9,400.1,12.27,7.31,78.3,71.3,2.31,75.6,90.1,None,None
2026-01-19 18:00:00,MTR-03,Servo,Robotics Cell,1851.3,397.9,8.59,5.09,72.9,62.5,1.3,77.8,90.9,None,None
2026-01-19 18:00:00,MTR-04,Servo,Robotics Cell,1765.3,399.4,8.48,5.05,77.8,67.2,1.58,69.6,91.1,None,None
2026-01-19 18:00:00,MTR-05,Synchronous,Utility Room,980.6,396.0,19.44,11.47,77.0,91.9,8.52,93.0,78.4,Overheating,High
2026-01-19 18:00:00,MTR-06,Induction,Packaging Line,1520.9,399.6,12.58,7.49,77.6,73.3,2.81,76.9,90.5,None,None
2026-01-19 20:24:00,MTR-01,Induction,Assembly Line A,1486.3,402.5,11.81,7.08,73.9,67.8,2.09,72.3,92.1,None,None
2026-01-19 20:24:00,MTR-02,Induction,Assembly Line A,1559.1,397.2,11.35,6.72,80.0,70.2,2.55,76.7,91.0,None,None
2026-01-19 20:24:00,MTR-03,Servo,Robotics Cell,1808.2,399.8,7.48,4.46,70.7,64.2,1.33,73.5,92.2,None,None
2026-01-19 20:24:00,MTR-04,Servo,Robotics Cell,1732.6,400.7,8.29,4.95,72.7,66.8,1.8,74.8,91.1,None,None
2026-01-19 20:24:00,MTR-05,Synchronous,Utility Room,1131.4,397.6,19.62,11.62,80.1,92.8,8.66,94.3,77.8,Overheating,High
2026-01-19 20:24:00,MTR-06,Induction,Packaging Line,1505.1,405.0,12.05,7.27,75.8,72.9,2.35,78.1,90.5,None,None
2026-01-19 22:48:00,MTR-01,Induction,Assembly Line A,1474.4,393.0,10.93,6.4,77.6,69.9,2.07,72.1,91.2,None,None
2026-01-19 22:48:00,MTR-02,Induction,Assembly Line A,1517.6,402.4,11.49,6.89,75.4,70.6,3.11,74.5,91.2,None,None
2026-01-19 22:48:00,MTR-03,Servo,Robotics Cell,1843.8,400.0,7.9,4.71,70.0,65.5,1.56,72.1,92.8,None,None
2026-01-19 22:48:00,MTR-04,Servo,Robotics Cell,1750.6,400.2,8.5,5.07,67.3,66.7,1.73,76.4,91.0,None,None
2026-01-19 22:48:00,MTR-05,Synchronous,Utility Room,1094.4,402.7,19.92,11.95,75.9,90.7,8.95,88.7,78.3,Overheating,High
2026-01-19 22:48:00,MTR-06,Induction,Packaging Line,1529.5,404.4,12.25,7.38,78.2,72.0,2.63,77.8,91.7,None,None
2026-01-20 01:12:00,MTR-01,Induction,Assembly Line A,1444.9,403.9,10.95,6.59,82.5,68.9,2.46,75.8,91.8,None,None
2026-01-20 01:12:00,MTR-02,Induction,Assembly Line A,1514.8,396.9,11.78,6.97,77.8,71.6,2.37,77.4,91.3,None,None
2026-01-20 01:12:00,MTR-03,Servo,Robotics Cell,1808.7,405.3,7.91,4.78,69.4,61.3,1.43,76.6,92.1,None,None
2026-01-20 01:12:00,MTR-04,Servo,Robotics Cell,1725.0,407.5,8.78,5.33,73.4,70.3,2.37,73.5,91.3,None,None
2026-01-20 01:12:00,MTR-05,Synchronous,Utility Room,1142.2,395.2,18.88,11.12,75.8,91.3,8.19,91.9,77.7,Overheating,High
2026-01-20 01:12:00,MTR-06,Induction,Packaging Line,1504.5,393.7,11.05,6.48,78.3,69.1,2.6,76.0,91.4,None,None
2026-01-20 03:36:00,MTR-01,Induction,Assembly Line A,1452.7,401.9,11.04,6.61,73.9,67.1,1.74,79.2,91.5,None,None
2026-01-20 03:36:00,MTR-02,Induction,Assembly Line A,1502.1,401.0,11.53,6.89,76.5,69.9,2.92,74.1,91.3,None,None
2026-01-20 03:36:00,MTR-03,Servo,Robotics Cell,1840.9,398.8,8.11,4.82,65.8,64.7,1.39,74.2,91.8,None,None
2026-01-20 03:36:00,MTR-04,Servo,Robotics Cell,1770.1,394.0,9.4,5.52,72.9,68.2,2.19,76.9,91.7,None,None
2026-01-20 03:36:00,MTR-05,Synchronous,Utility Room,1097.1,395.8,18.77,11.07,79.0,88.8,8.45,93.5,78.4,Overheating,High
2026-01-20 03:36:00,MTR-06,Induction,Packaging Line,1511.3,400.1,11.68,6.96,80.4,74.6,2.32,76.9,90.8,None,None
2026-01-20 06:00:00,MTR-01,Induction,Assembly Line A,1471.9,398.9,11.11,6.6,74.8,65.7,2.09,78.4,91.6,None,None
2026-01-20 06:00:00,MTR-02,Induction,Assembly Line A,1464.7,396.7,10.97,6.48,77.9,71.6,2.16,75.1,89.5,None,None
2026-01-20 06:00:00,MTR-03,Servo,Robotics Cell,1811.5,404.6,7.19,4.33,74.5,63.3,1.48,75.9,91.5,None,None
2026-01-20 06:00:00,MTR-04,Servo,Robotics Cell,1779.3,406.7,9.08,5.5,73.3,69.3,2.33,74.3,90.3,None,None
2026-01-20 06:00:00,MTR-05,Synchronous,Utility Room,1133.5,398.5,20.79,12.34,78.9,97.3,7.93,88.5,77.9,Overheating,High
2026-01-20 06:00:00,MTR-06,Induction,Packaging Line,1510.2,398.8,12.77,7.58,78.0,72.0,3.19,76.9,90.9,None,None
2026-01-20 08:24:00,MTR-01,Induction,Assembly Line A,1463.5,398.9,10.59,6.29,76.7,69.6,1.57,76.6,91.0,None,None
2026-01-20 08:24:00,MTR-02,Induction,Assembly Line A,1448.3,404.9,10.78,6.5,74.8,72.4,2.32,78.9,91.5,None,None
2026-01-20 08:24:00,MTR-03,Servo,Robotics Cell,1808.5,401.1,8.01,4.78,73.1,65.5,1.27,72.7,91.9,None,None
2026-01-20 08:24:00,MTR-04,Servo,Robotics Cell,1726.2,402.3,9.89,5.92,76.6,66.1,2.36,70.6,91.0,None,None
2026-01-20 08:24:00,MTR-05,Synchronous,Utility Room,1087.4,397.2,19.17,11.34,76.4,90.4,8.23,92.1,78.5,Overheating,High
2026-01-20 08:24:00,MTR-06,Induction,Packaging Line,1493.5,400.7,12.0,7.16,82.3,72.6,2.79,77.1,90.9,None,None
2026-01-20 10:48:00,MTR-01,Induction,Assembly Line A,1512.2,405.6,11.33,6.84,75.7,65.2,2.21,75.7,90.2,None,None
2026-01-20 10:48:00,MTR-02,Induction,Assembly Line A,1507.0,398.8,11.41,6.78,79.3,73.2,2.31,76.2,91.7,None,None
2026-01-20 10:48:00,MTR-03,Servo,Robotics Cell,1858.5,399.4,7.16,4.26,71.6,58.5,1.22,74.2,91.5,None,None
2026-01-20 10:48:00,MTR-04,Servo,Robotics Cell,1762.5,403.4,8.16,4.9,71.1,69.1,2.12,78.6,90.4,None,None
2026-01-20 10:48:00,MTR-05,Synchronous,Utility Room,1081.4,396.6,19.21,11.35,78.7,93.7,8.14,90.5,78.1,Overheating,High
2026-01-20 10:48:00,MTR-06,Induction,Packaging Line,1583.0,400.2,12.53,7.47,77.7,70.6,3.05,75.1,91.2,None,None
2026-01-20 13:12:00,MTR-01,Induction,Assembly Line A,1490.6,400.8,10.96,6.54,75.3,70.6,2.31,69.8,91.1,None,None
2026-01-20 13:12:00,MTR-02,Induction,Assembly Line A,1481.9,392.2,10.92,6.38,74.3,71.5,2.47,76.1,91.7,None,None
2026-01-20 13:12:00,MTR-03,Servo,Robotics Cell,1789.0,398.1,8.22,4.87,67.9,64.3,1.4,75.8,91.1,None,None
2026-01-20 13:12:00,MTR-04,Servo,Robotics Cell,1731.0,405.1,9.11,5.5,68.9,67.9,1.97,74.2,90.9,None,None
2026-01-20 13:12:00,MTR-05,Synchronous,Utility Room,1065.3,400.1,20.38,12.15,75.5,90.5,8.74,88.2,78.6,Overheating,High
2026-01-20 13:12:00,MTR-06,Induction,Packaging Line,1503.4,396.4,11.85,7.0,76.2,74.7,2.82,74.1,91.6,None,None
2026-01-20 15:36:00,MTR-01,Induction,Assembly Line A,1477.6,405.6,10.2,6.16,74.4,68.5,1.77,73.8,92.3,None,None
2026-01-20 15:36:00,MTR-02,Induction,Assembly Line A,1495.3,396.8,12.29,7.26,77.3,72.5,2.57,79.2,90.0,None,None
2026-01-20 15:36:00,MTR-03,Servo,Robotics Cell,1850.1,399.4,7.82,4.65,72.6,65.5,2.14,74.6,92.4,None,None
2026-01-20 15:36:00,MTR-04,Servo,Robotics Cell,1749.9,396.6,9.19,5.43,77.3,69.3,1.96,74.9,92.8,None,None
2026-01-20 15:36:00,MTR-05,Synchronous,Utility Room,1116.8,389.7,19.28,11.19,82.9,90.1,8.32,95.8,77.8,Overheating,High
2026-01-20 15:36:00,MTR-06,Induction,Packaging Line,1525.5,402.8,13.02,7.81,76.5,70.4,2.85,78.7,90.4,None,None
2026-01-20 18:00:00,MTR-01,Induction,Assembly Line A,1422.6,408.4,11.13,6.77,75.0,67.5,2.14,72.5,92.1,None,None
2026-01-20 18:00:00,MTR-02,Induction,Assembly Line A,1464.4,401.4,10.89,6.51,74.9,72.1,2.76,76.5,89.7,None,None
2026-01-20 18:00:00,MTR-03,Servo,Robotics Cell,1820.7,394.2,8.09,4.75,71.4,62.7,1.5,72.9,91.3,None,None
2026-01-20 18:00:00,MTR-04,Servo,Robotics Cell,1734.4,395.2,9.68,5.7,73.8,68.1,2.16,78.8,91.2,None,None
2026-01-20 18:00:00,MTR-05,Synchronous,Utility Room,1078.7,400.8,18.43,11.0,72.4,91.0,8.24,95.3,78.0,Overheating,High
2026-01-20 18:00:00,MTR-06,Induction,Packaging Line,1519.1,393.7,12.3,7.21,80.1,69.3,3.02,77.3,92.2,None,None
2026-01-20 20:24:00,MTR-01,Induction,Assembly Line A,1461.2,397.4,11.18,6.62,74.7,68.2,2.16,75.0,91.7,None,None
2026-01-20 20:24:00,MTR-02,Induction,Assembly Line A,1490.6,387.9,12.18,7.04,75.6,71.0,2.3,77.8,90.5,None,None
2026-01-20 20:24:00,MTR-03,Servo,Robotics Cell,1767.8,396.6,7.36,4.35,70.7,64.2,1.73,74.7,91.0,None,None
2026-01-20 20:24:00,MTR-04,Servo,Robotics Cell,1743.5,404.8,8.63,5.2,69.7,71.2,1.95,74.3,90.5,None,None
2026-01-20 20:24:00,MTR-05,Synchronous,Utility Room,1052.8,389.5,19.83,11.51,74.8,92.9,8.29,91.5,78.4,Overheating,High
2026-01-20 20:24:00,MTR-06,Induction,Packaging Line,1487.6,401.1,11.98,7.16,77.9,73.9,2.47,80.0,91.8,None,None
2026-01-20 22:48:00,MTR-01,Induction,Assembly Line A,1431.1,405.7,11.55,6.98,75.8,66.2,2.56,76.8,92.0,None,None
2026-01-20 22:48:00,MTR-02,Induction,Assembly Line A,1539.9,407.3,11.7,7.1,75.5,71.6,2.7,73.7,91.5,None,None
2026-01-20 22:48:00,MTR-03,Servo,Robotics Cell,1788.1,403.3,8.65,5.2,71.7,65.4,1.45,76.3,91.2,None,None
2026-01-20 22:48:00,MTR-04,Servo,Robotics Cell,1691.9,399.0,8.82,5.24,71.4,70.2,2.21,73.9,90.9,None,None
2026-01-20 22:48:00,MTR-05,Synchronous,Utility Room,1102.3,395.7,19.17,11.3,79.2,92.2,8.4,93.4,77.0,Overheating,High
2026-01-20 22:48:00,MTR-06,Induction,Packaging Line,1488.1,400.9,11.3,6.75,81.7,75.1,2.29,73.8,90.4,None,None
2026-01-21 01:12:00,MTR-01,Induction,Assembly Line A,1469.1,401.8,11.57,6.92,77.4,68.0,1.77,76.5,91.9,None,None
2026-01-21 01:12:00,MTR-02,Induction,Assembly Line A,1483.6,402.3,11.56,6.93,77.0,65.2,2.54,77.2,91.3,None,None
2026-01-21 01:12:00,MTR-03,Servo,Robotics Cell,1813.7,389.1,8.03,4.66,68.6,63.9,1.5,77.4,90.7,None,None
2026-01-21 01:12:00,MTR-04,Servo,Robotics Cell,1737.0,396.8,8.48,5.01,74.6,66.0,2.18,75.6,92.1,None,None
2026-01-21 01:12:00,MTR-05,Synchronous,Utility Room,1118.2,395.5,19.65,11.58,79.7,91.2,8.59,92.6,77.1,Overheating,High
2026-01-21 01:12:00,MTR-06,Induction,Packaging Line,1513.4,404.6,11.94,7.19,79.6,72.5,3.11,76.0,90.3,None,None
2026-01-21 03:36:00,MTR-01,Induction,Assembly Line A,1467.4,395.8,10.32,6.09,68.4,64.7,2.06,74.8,91.0,None,None
2026-01-21 03:36:00,MTR-02,Induction,Assembly Line A,1498.7,402.0,12.07,7.23,79.2,71.3,2.28,71.6,90.7,None,None
2026-01-21 03:36:00,MTR-03,Servo,Robotics Cell,1804.2,404.6,9.01,5.43,72.8,62.4,1.42,72.1,92.5,None,None
2026-01-21 03:36:00,MTR-04,Servo,Robotics Cell,1757.9,398.8,8.38,4.98,72.9,69.9,2.13,76.4,90.4,None,None
2026-01-21 03:36:00,MTR-05,Synchronous,Utility Room,1043.7,395.3,19.11,11.25,77.8,90.5,8.41,91.2,78.2,Overheating,High
2026-01-21 03:36:00,MTR-06,Induction,Packaging Line,1513.1,404.5,11.89,7.16,79.3,71.9,2.79,76.9,92.0,None,None
2026-01-21 06:00:00,MTR-01,Induction,Assembly Line A,1506.4,397.0,11.0,6.5,81.6,65.1,2.36,74.7,91.5,None,None
2026-01-21 06:00:00,MTR-02,Induction,Assembly Line A,1512.4,400.7,12.21,7.29,73.0,70.1,2.62,76.9,92.1,None,None
2026-01-21 06:00:00,MTR-03,Servo,Robotics Cell,1780.9,394.1,8.29,4.87,69.5,64.6,1.08,73.6,92.7,None,None
2026-01-21 06:00:00,MTR-04,Servo,Robotics Cell,1763.9,396.9,9.75,5.77,73.7,72.3,1.82,76.5,89.2,None,None
2026-01-21 06:00:00,MTR-05,Synchronous,Utility Room,1072.2,400.1,19.43,11.58,76.9,92.5,8.72,95.0,78.3,Overheating,High
2026-01-21 06:00:00,MTR-06,Induction,Packaging Line,1524.8,404.5,12.43,7.49,79.5,72.9,2.33,71.9,91.8,None,None
2026-01-21 08:24:00,MTR-01,Induction,Assembly Line A,1466.4,397.3,10.62,6.29,75.5,68.5,1.97,74.3,92.3,None,None
2026-01-21 08:24:00,MTR-02,Induction,Assembly Line A,1485.0,403.8,12.35,7.43,76.4,71.0,2.43,77.4,91.6,None,None
2026-01-21 08:24:00,MTR-03,Servo,Robotics Cell,1838.2,395.1,8.04,4.73,67.6,63.4,1.36,72.5,92.6,None,None
2026-01-21 08:24:00,MTR-04,Servo,Robotics Cell,1745.3,394.1,8.98,5.27,76.0,70.1,1.64,74.6,90.9,None,None
2026-01-21 08:24:00,MTR-05,Synchronous,Utility Room,1049.5,395.0,19.92,11.72,76.9,91.9,7.51,94.1,78.5,Overheating,High
2026-01-21 08:24:00,MTR-06,Induction,Packaging Line,1529.4,408.7,12.78,7.78,80.0,73.3,2.48,75.0,89.2,None,None
2026-01-21 10:48:00,MTR-01,Induction,Assembly Line A,1477.5,408.0,11.0,6.68,78.2,69.3,1.82,73.5,91.6,None,None
2026-01-21 10:48:00,MTR-02,Induction,Assembly Line A,1523.1,408.5,11.91,7.25,77.8,70.6,2.49,77.0,90.9,None,None
2026-01-21 10:48:00,MTR-03,Servo,Robotics Cell,1807.8,399.9,8.51,5.07,63.9,62.5,1.74,70.5,91.8,None,None
2026-01-21 10:48:00,MTR-04,Servo,Robotics Cell,1727.0,397.9,9.96,5.9,70.7,69.8,1.87,74.7,91.1,None,None
2026-01-21 10:48:00,MTR-05,Synchronous,Utility Room,1117.2,396.9,18.94,11.2,75.6,93.5,8.05,92.4,77.8,Overheating,High
2026-01-21 10:48:00,MTR-06,Induction,Packaging Line,1543.3,403.0,11.92,7.15,82.8,70.5,2.49,76.1,90.2,None,None
2026-01-21 13:12:00,MTR-01,Induction,Assembly Line A,1439.0,393.9,10.02,5.88,70.1,64.3,2.03,77.0,91.3,None,None
2026-01-21 13:12:00,MTR-02,Induction,Assembly Line A,1526.3,394.9,11.26,6.62,75.9,70.7,3.0,75.2,90.5,None,None
2026-01-21 13:12:00,MTR-03,Servo,Robotics Cell,1843.9,402.8,7.49,4.49,70.0,61.4,1.43,74.5,90.1,None,None
2026-01-21 13:12:00,MTR-04,Servo,Robotics Cell,1741.0,406.3,8.89,5.38,74.8,68.3,2.14,79.2,91.2,None,None
2026-01-21 13:12:00,MTR-05,Synchronous,Utility Room,1098.0,399.9,20.01,11.92,77.6,92.5,7.95,90.1,78.0,Overheating,High
2026-01-21 13:12:00,MTR-06,Induction,Packaging Line,1504.5,391.3,12.16,7.09,77.0,71.5,2.61,74.7,90.9,None,None
2026-01-21 15:36:00,MTR-01,Induction,Assembly Line A,1470.4,409.4,10.0,6.1,76.0,66.8,2.43,75.8,91.7,None,None
2026-01-21 15:36:00,MTR-02,Induction,Assembly Line A,1451.9,382.8,15.63,8.91,74.9,89.7,6.68,85.7,81.2,Misalignment,Medium
2026-01-21 15:36:00,MTR-03,Servo,Robotics Cell,1812.1,402.4,8.32,4.99,68.6,62.5,1.12,74.4,90.9,None,None
2026-01-21 15:36:00,MTR-04,Servo,Robotics Cell,1752.7,400.1,8.67,5.17,73.8,68.1,2.32,73.8,91.2,None,None
2026-01-21 15:36:00,MTR-05,Synchronous,Utility Room,1075.6,402.6,19.38,11.62,75.3,92.2,8.62,92.6,79.7,Overheating,High
2026-01-21 15:36:00,MTR-06,Induction,Packaging Line,1564.8,400.8,12.29,7.34,77.7,70.6,2.5,76.4,92.6,None,None
2026-01-21 18:00:00,MTR-01,Induction,Assembly Line A,1496.8,396.4,11.28,6.66,75.7,65.0,2.08,75.3,90.9,None,None
2026-01-21 18:00:00,MTR-02,Induction,Assembly Line A,1541.5,401.7,11.2,6.7,73.4,71.9,2.33,74.1,89.8,None,None
2026-01-21 18:00:00,MTR-03,Servo,Robotics Cell,1859.7,399.8,8.5,5.07,68.7,60.9,1.66,74.1,92.4,None,None
2026-01-21 18:00:00,MTR-04,Servo,Robotics Cell,1790.7,400.3,9.01,5.37,73.4,64.8,2.01,75.9,92.5,None,None
2026-01-21 18:00:00,MTR-05,Synchronous,Utility Room,1072.5,389.8,20.18,11.72,78.5,92.6,8.23,90.9,78.9,Overheating,High
2026-01-21 18:00:00,MTR-06,Induction,Packaging Line,1486.8,387.6,11.57,6.68,72.5,75.7,2.85,79.4,90.6,None,None
2026-01-21 20:24:00,MTR-01,Induction,Assembly Line A,1445.0,398.4,10.19,6.05,74.3,68.0,1.71,76.3,90.5,None,None
2026-01-21 20:24:00,MTR-02,Induction,Assembly Line A,1457.0,401.4,10.84,6.48,81.1,64.8,2.24,75.2,90.6,None,None
2026-01-21 20:24:00,MTR-03,Servo,Robotics Cell,1849.6,399.6,7.59,4.52,70.7,68.0,1.33,74.1,91.8,None,None
2026-01-21 20:24:00,MTR-04,Servo,Robotics Cell,1726.1,399.4,9.77,5.81,71.2,66.8,2.34,76.5,91.4,None,None
2026-01-21 20:24:00,MTR-05,Synchronous,Utility Room,1198.3,402.3,13.37,8.01,82.9,71.3,3.06,75.1,91.0,None,None
2026-01-21 20:24:00,MTR-06,Induction,Packaging Line,1521.1,401.1,11.99,7.17,78.9,70.5,2.93,75.5,91.1,None,None
2026-01-21 22:48:00,MTR-01,Induction,Assembly Line A,1512.1,401.5,10.68,6.39,76.1,68.3,1.47,74.9,92.7,None,None
2026-01-21 22:48:00,MTR-02,Induction,Assembly Line A,1514.7,399.9,11.48,6.84,76.7,68.9,2.49,74.6,91.1,None,None
2026-01-21 22:48:00,MTR-03,Servo,Robotics Cell,1814.8,398.9,7.59,4.51,69.2,67.3,1.55,75.3,91.3,None,None
2026-01-21 22:48:00,MTR-04,Servo,Robotics Cell,1809.7,402.8,9.29,5.57,73.9,67.7,2.11,75.5,91.5,None,None
2026-01-21 22:48:00,MTR-05,Synchronous,Utility Room,1218.7,399.4,14.05,8.36,82.0,74.0,3.45,79.8,90.6,None,None
2026-01-21 22:48:00,MTR-06,Induction,Packaging Line,1485.3,398.1,13.03,7.73,81.1,73.4,2.96,75.0,89.9,None,None
2026-01-22 01:12:00,MTR-01,Induction,Assembly Line A,1490.3,404.0,9.7,5.84,75.0,64.4,2.05,73.7,92.2,None,None
2026-01-22 01:12:00,MTR-02,Induction,Assembly Line A,1517.8,401.9,11.25,6.74,75.7,70.6,2.48,74.4,91.0,None,None
2026-01-22 01:12:00,MTR-03,Servo,Robotics Cell,1776.6,399.3,7.98,4.74,73.6,65.5,1.3,73.2,90.9,None,None
2026-01-22 01:12:00,MTR-04,Servo,Robotics Cell,1718.9,400.4,8.14,4.85,67.2,67.8,1.97,76.1,92.6,None,None
2026-01-22 01:12:00,MTR-05,Synchronous,Utility Room,1167.8,394.9,12.49,7.34,80.8,72.2,3.02,74.6,90.7,None,None
2026-01-22 01:12:00,MTR-06,Induction,Packaging Line,1513.8,398.3,11.19,6.64,81.5,72.9,3.0,75.2,90.3,None,None
2026-01-22 03:36:00,MTR-01,Induction,Assembly Line A,1439.5,387.6,10.67,6.16,75.3,67.0,1.89,76.9,92.1,None,None
2026-01-22 03:36:00,MTR-02,Induction,Assembly Line A,1444.6,398.4,11.81,7.01,79.3,69.1,3.13,77.6,91.9,None,None
2026-01-22 03:36:00,MTR-03,Servo,Robotics Cell,1835.7,404.4,8.12,4.89,71.0,60.9,1.26,75.7,90.7,None,None
2026-01-22 03:36:00,MTR-04,Servo,Robotics Cell,1753.5,401.6,8.32,4.98,72.2,70.2,2.11,75.1,89.9,None,None
2026-01-22 03:36:00,MTR-05,Synchronous,Utility Room,1256.4,402.1,12.82,7.68,79.9,73.5,3.1,76.8,90.0,None,None
2026-01-22 03:36:00,MTR-06,Induction,Packaging Line,1559.8,399.5,11.79,7.01,81.1,71.4,2.6,78.4,91.5,None,None
2026-01-22 06:00:00,MTR-01,Induction,Assembly Line A,1492.3,402.5,10.97,6.58,77.6,69.1,1.71,78.6,90.6,None,None
2026-01-22 06:00:00,MTR-02,Induction,Assembly Line A,1468.0,388.5,11.25,6.51,78.3,71.4,2.54,76.5,91.9,None,None
2026-01-22 06:00:00,MTR-03,Servo,Robotics Cell,1830.6,402.1,7.69,4.6,71.7,61.6,1.78,73.1,89.6,None,None
2026-01-22 06:00:00,MTR-04,Servo,Robotics Cell,1753.4,405.3,9.72,5.87,72.3,67.2,2.5,75.3,91.3,None,None
2026-01-22 06:00:00,MTR-05,Synchronous,Utility Room,1222.5,402.3,14.2,8.51,79.6,73.6,3.21,76.6,89.9,None,None
2026-01-22 06:00:00,MTR-06,Induction,Packaging Line,1497.2,400.0,11.77,7.01,82.3,74.0,2.95,76.2,90.2,None,None
2026-01-22 08:24:00,MTR-01,Induction,Assembly Line A,1449.0,406.8,10.66,6.46,75.2,68.8,2.06,74.8,92.3,None,None
2026-01-22 08:24:00,MTR-02,Induction,Assembly Line A,1463.7,395.1,12.39,7.29,75.5,70.5,2.34,74.9,90.5,None,None
2026-01-22 08:24:00,MTR-03,Servo,Robotics Cell,1833.1,406.3,8.21,4.97,70.0,65.1,1.64,77.1,90.8,None,None
2026-01-22 08:24:00,MTR-04,Servo,Robotics Cell,1686.4,399.2,8.35,4.96,69.5,71.3,2.5,76.7,91.1,None,None
2026-01-22 08:24:00,MTR-05,Synchronous,Utility Room,1128.3,395.5,14.08,8.29,81.7,73.0,3.01,77.9,89.3,None,None
2026-01-22 08:24:00,MTR-06,Induction,Packaging Line,1506.4,407.0,11.72,7.1,76.5,70.8,2.64,74.0,91.1,None,None
2026-01-22 10:48:00,MTR-01,Induction,Assembly Line A,1452.5,402.5,11.02,6.61,72.3,64.5,1.82,74.0,91.0,None,None
2026-01-22 10:48:00,MTR-02,Induction,Assembly Line A,1448.0,399.1,11.17,6.64,77.0,72.3,2.57,76.5,90.5,None,None
2026-01-22 10:48:00,MTR-03,Servo,Robotics Cell,1814.7,405.2,7.96,4.81,73.0,67.0,2.13,74.7,91.9,None,None
2026-01-22 10:48:00,MTR-04,Servo,Robotics Cell,1814.4,396.9,7.8,4.61,75.0,70.2,2.48,78.2,92.0,None,None
2026-01-22 10:48:00,MTR-05,Synchronous,Utility Room,1196.6,392.0,12.97,7.58,77.9,74.6,3.16,74.6,92.3,None,None
2026-01-22 10:48:00,MTR-06,Induction,Packaging Line,1490.3,397.4,11.54,6.83,78.0,71.8,2.66,76.5,92.5,None,None
2026-01-22 13:12:00,MTR-01,Induction,Assembly Line A,1454.6,403.5,11.25,6.76,72.9,67.0,1.9,75.3,90.7,None,None
2026-01-22 13:12:00,MTR-02,Induction,Assembly Line A,1510.1,399.6,12.09,7.2,78.0,70.3,2.7,75.1,89.7,None,None
2026-01-22 13:12:00,MTR-03,Servo,Robotics Cell,1783.3,405.7,8.35,5.05,68.2,62.9,1.6,69.9,91.4,None,None
2026-01-22 13:12:00,MTR-04,Servo,Robotics Cell,1701.9,400.1,9.44,5.63,76.6,68.1,2.05,73.5,90.5,None,None
2026-01-22 13:12:00,MTR-05,Synchronous,Utility Room,1171.0,395.3,12.95,7.63,82.2,73.5,3.42,76.5,89.9,None,None
2026-01-22 13:12:00,MTR-06,Induction,Packaging Line,1530.1,399.7,12.15,7.23,78.4,71.3,2.75,75.3,90.5,None,None
2026-01-22 15:36:00,MTR-01,Induction,Assembly Line A,1457.2,394.8,10.89,6.4,76.6,68.6,1.6,75.0,91.1,None,None
2026-01-22 15:36:00,MTR-02,Induction,Assembly Line A,1506.1,401.9,11.31,6.77,80.1,68.9,2.64,76.8,90.6,None,None
2026-01-22 15:36:00,MTR-03,Servo,Robotics Cell,1847.9,402.6,8.42,5.05,75.3,60.6,1.75,75.3,92.4,None,None
2026-01-22 15:36:00,MTR-04,Servo,Robotics Cell,1759.9,401.3,8.56,5.12,73.4,69.5,2.54,72.4,91.6,None,None
2026-01-22 15:36:00,MTR-05,Synchronous,Utility Room,1206.7,401.2,13.14,7.85,81.5,72.5,3.05,79.1,92.2,None,None
2026-01-22 15:36:00,MTR-06,Induction,Packaging Line,1551.9,409.7,12.09,7.38,77.3,72.5,2.97,74.0,91.5,None,None
2026-01-22 18:00:00,MTR-01,Induction,Assembly Line A,1434.3,394.3,10.82,6.35,75.4,69.2,1.45,75.6,92.1,None,None
2026-01-22 18:00:00,MTR-02,Induction,Assembly Line A,1473.7,407.4,11.98,7.27,75.0,69.7,2.57,76.3,89.1,None,None
2026-01-22 18:00:00,MTR-03,Servo,Robotics Cell,1809.1,396.7,8.29,4.9,67.4,63.3,1.54,76.0,90.8,None,None
2026-01-22 18:00:00,MTR-04,Servo,Robotics Cell,1806.0,409.2,8.97,5.47,73.7,69.5,2.12,74.1,91.4,None,None
2026-01-22 18:00:00,MTR-05,Synchronous,Utility Room,1207.2,397.0,13.62,8.06,78.6,73.1,2.99,78.8,90.7,None,None
2026-01-22 18:00:00,MTR-06,Induction,Packaging Line,1504.7,404.1,11.9,7.16,79.4,75.3,2.57,78.5,91.3,None,None
2026-01-22 20:24:00,MTR-01,Induction,Assembly Line A,1455.3,399.5,9.91,5.9,72.3,63.1,2.24,73.2,91.0,None,None
2026-01-22 20:24:00,MTR-02,Induction,Assembly Line A,1480.0,401.1,12.12,7.24,76.9,69.7,2.24,76.6,90.8,None,None
2026-01-22 20:24:00,MTR-03,Servo,Robotics Cell,1809.9,394.5,8.17,4.8,72.7,63.0,1.4,75.8,91.5,None,None
2026-01-22 20:24:00,MTR-04,Servo,Robotics Cell,1735.3,397.9,8.85,5.25,69.9,66.8,2.18,76.0,91.9,None,None
2026-01-22 20:24:00,MTR-05,Synchronous,Utility Room,1206.6,404.3,13.66,8.23,82.2,72.1,2.98,77.2,90.9,None,None
2026-01-22 20:24:00,MTR-06,Induction,Packaging Line,1491.3,388.4,12.59,7.28,80.4,70.4,2.99,77.0,91.7,None,None
2026-01-22 22:48:00,MTR-01,Induction,Assembly Line A,1470.1,396.7,11.01,6.5,73.1,68.1,2.08,75.4,92.4,None,None
2026-01-22 22:48:00,MTR-02,Induction,Assembly Line A,1552.8,389.9,11.29,6.56,77.2,70.3,2.3,77.6,91.6,None,None
2026-01-22 22:48:00,MTR-03,Servo,Robotics Cell,1819.3,397.5,8.2,4.85,71.9,64.6,1.5,75.1,91.0,None,None
2026-01-22 22:48:00,MTR-04,Servo,Robotics Cell,1803.5,399.3,9.12,5.42,72.1,68.0,2.38,77.3,92.0,None,None
2026-01-22 22:48:00,MTR-05,Synchronous,Utility Room,1197.5,404.5,12.83,7.73,83.0,76.8,3.29,75.2,90.8,None,None
2026-01-22 22:48:00,MTR-06,Induction,Packaging Line,1527.2,398.5,12.64,7.5,77.3,72.4,2.85,75.9,90.2,None,None
2026-01-23 01:12:00,MTR-01,Induction,Assembly Line A,1506.7,405.7,10.02,6.05,75.2,66.7,2.34,75.9,91.4,None,None
2026-01-23 01:12:00,MTR-02,Induction,Assembly Line A,1486.9,399.5,11.46,6.82,74.7,70.0,2.56,77.4,90.1,None,None
2026-01-23 01:12:00,MTR-03,Servo,Robotics Cell,1843.8,400.3,9.04,5.39,66.6,61.2,1.23,73.1,90.6,None,None
2026-01-23 01:12:00,MTR-04,Servo,Robotics Cell,1813.9,403.9,8.85,5.32,69.7,70.9,1.97,77.7,92.3,None,None
2026-01-23 01:12:00,MTR-05,Synchronous,Utility Room,1158.1,395.3,13.5,7.95,79.3,69.1,2.74,78.2,90.5,None,None
2026-01-23 01:12:00,MTR-06,Induction,Packaging Line,1493.5,393.4,11.21,6.57,76.0,71.5,2.83,76.3,90.5,None,None
2026-01-23 03:36:00,MTR-01,Induction,Assembly Line A,1483.1,398.9,10.78,6.4,71.3,67.5,1.83,76.0,93.3,None,None
2026-01-23 03:36:00,MTR-02,Induction,Assembly Line A,1514.3,401.1,11.78,7.04,79.4,67.7,2.95,74.9,91.1,None,None
2026-01-23 03:36:00,MTR-03,Servo,Robotics Cell,1819.9,397.8,7.99,4.73,72.0,62.2,2.01,72.9,90.6,None,None
2026-01-23 03:36:00,MTR-04,Servo,Robotics Cell,1781.9,411.8,8.69,5.33,72.0,70.9,2.1,73.0,91.2,None,None
2026-01-23 03:36:00,MTR-05,Synchronous,Utility Room,1158.8,402.2,12.76,7.64,76.1,71.3,3.19,76.7,90.1,None,None
2026-01-23 03:36:00,MTR-06,Induction,Packaging Line,1487.0,399.7,11.16,6.65,79.2,72.6,2.56,77.1,91.5,None,None
2026-01-23 06:00:00,MTR-01,Induction,Assembly Line A,1453.7,402.6,10.83,6.49,69.9,68.7,2.29,75.3,92.1,None,None
2026-01-23 06:00:00,MTR-02,Induction,Assembly Line A,1474.7,400.8,13.07,7.8,74.8,70.9,2.9,78.2,91.3,None,None
2026-01-23 06:00:00,MTR-03,Servo,Robotics Cell,1877.1,397.6,8.67,5.13,71.5,65.3,1.47,72.9,92.1,None,None
2026-01-23 06:00:00,MTR-04,Servo,Robotics Cell,1768.7,404.3,9.23,5.56,74.8,67.3,2.06,75.2,91.4,None,None
2026-01-23 06:00:00,MTR-05,Synchronous,Utility Room,1202.2,397.7,12.63,7.48,82.8,72.3,3.22,77.4,91.8,None,None
2026-01-23 06:00:00,MTR-06,Induction,Packaging Line,1428.4,385.1,17.49,10.03,75.9,90.9,7.79,94.1,80.1,Electrical Overload,High
2026-01-23 08:24:00,MTR-01,Induction,Assembly Line A,1485.5,404.9,10.13,6.11,78.5,65.8,2.04,75.0,91.5,None,None
2026-01-23 08:24:00,MTR-02,Induction,Assembly Line A,1448.1,407.2,11.61,7.04,79.1,65.6,2.41,77.2,90.8,None,None
2026-01-23 08:24:00,MTR-03,Servo,Robotics Cell,1788.4,388.6,8.53,4.94,68.8,62.9,1.56,71.2,90.8,None,None
2026-01-23 08:24:00,MTR-04,Servo,Robotics Cell,1720.7,397.5,9.19,5.44,73.9,70.4,2.42,78.4,91.3,None,None
2026-01-23 08:24:00,MTR-05,Synchronous,Utility Room,1220.7,400.2,13.22,7.88,81.8,74.7,2.88,77.2,91.5,None,None
2026-01-23 08:24:00,MTR-06,Induction,Packaging Line,1483.2,397.9,11.78,6.98,80.7,70.3,2.47,77.1,92.1,None,None
2026-01-23 10:48:00,MTR-01,Induction,Assembly Line A,1502.3,400.0,10.69,6.37,72.0,64.7,2.13,70.7,91.8,None,None
2026-01-23 10:48:00,MTR-02,Induction,Assembly Line A,1453.4,399.7,11.52,6.86,77.5,69.7,2.81,74.5,91.2,None,None
2026-01-23 10:48:00,MTR-03,Servo,Robotics Cell,1823.3,402.6,9.45,5.67,69.2,63.3,1.88,72.7,90.4,None,None
2026-01-23 10:48:00,MTR-04,Servo,Robotics Cell,1772.0,395.2,9.07,5.34,70.7,73.8,2.18,73.6,91.5,None,None
2026-01-23 10:48:00,MTR-05,Synchronous,Utility Room,1152.2,389.8,14.34,8.33,80.2,72.9,2.95,77.8,90.0,None,None
2026-01-23 10:48:00,MTR-06,Induction,Packaging Line,1538.4,401.6,11.98,7.16,76.6,71.2,2.65,77.6,91.0,None,None
2026-01-23 13:12:00,MTR-01,Induction,Assembly Line A,1471.7,405.3,10.7,6.46,74.8,66.1,1.87,77.3,91.7,None,None
2026-01-23 13:12:00,MTR-02,Induction,Assembly Line A,1453.1,400.1,12.59,7.5,77.1,71.4,2.07,70.4,91.5,None,None
2026-01-23 13:12:00,MTR-03,Servo,Robotics Cell,1820.4,396.5,7.13,4.21,68.2,66.5,1.47,71.3,92.2,None,None
2026-01-23 13:12:00,MTR-04,Servo,Robotics Cell,1818.9,404.8,9.29,5.6,64.3,67.7,2.02,78.0,91.5,None,None
2026-01-23 13:12:00,MTR-05,Synchronous,Utility Room,1160.4,390.5,12.32,7.17,81.1,74.2,2.85,78.2,91.3,None,None
2026-01-23 13:12:00,MTR-06,Induction,Packaging Line,1518.6,401.9,11.83,7.08,81.7,69.3,3.01,78.3,89.5,None,None
2026-01-23 15:36:00,MTR-01,Induction,Assembly Line A,1431.1,401.7,9.83,5.88,75.5,68.7,2.03,79.3,90.5,None,None
2026-01-23 15:36:00,MTR-02,Induction,Assembly Line A,1465.3,401.6,11.97,7.16,77.3,69.6,2.39,76.0,91.4,None,None
2026-01-23 15:36:00,MTR-03,Servo,Robotics Cell,1799.5,397.6,8.39,4.97,71.9,64.5,1.79,74.0,91.9,None,None
2026-01-23 15:36:00,MTR-04,Servo,Robotics Cell,1765.1,401.5,9.7,5.8,72.7,69.2,2.29,74.4,90.4,None,None
2026-01-23 15:36:00,MTR-05,Synchronous,Utility Room,1203.7,398.1,13.86,8.22,81.1,75.8,3.46,73.3,90.3,None,None
2026-01-23 15:36:00,MTR-06,Induction,Packaging Line,1515.3,405.1,12.91,7.79,80.6,73.2,2.76,73.9,89.5,None,None
2026-01-23 18:00:00,MTR-01,Induction,Assembly Line A,1508.4,396.9,10.92,6.46,71.8,67.4,2.07,73.7,91.2,None,None
2026-01-23 18:00:00,MTR-02,Induction,Assembly Line A,1477.1,394.0,12.59,7.39,76.3,69.3,2.36,75.9,91.0,None,None
2026-01-23 18:00:00,MTR-03,Servo,Robotics Cell,1816.0,393.5,8.53,5.0,74.2,63.5,1.5,76.5,90.5,None,None
2026-01-23 18:00:00,MTR-04,Servo,Robotics Cell,1741.9,396.7,9.77,5.77,68.1,67.6,2.0,74.5,91.2,None,None
2026-01-23 18:00:00,MTR-05,Synchronous,Utility Room,1151.6,392.2,13.92,8.13,79.0,71.4,2.73,75.2,90.9,None,None
2026-01-23 18:00:00,MTR-06,Induction,Packaging Line,1487.2,398.8,11.69,6.95,85.0,70.4,2.97,76.8,90.7,None,None
2026-01-23 20:24:00,MTR-01,Induction,Assembly Line A,1487.6,399.0,9.91,5.89,72.0,69.2,2.09,73.7,91.1,None,None
2026-01-23 20:24:00,MTR-02,Induction,Assembly Line A,1488.9,400.8,10.2,6.09,76.1,73.8,2.46,77.0,90.0,None,None
2026-01-23 20:24:00,MTR-03,Servo,Robotics Cell,1828.9,398.2,7.28,4.32,64.6,63.2,1.68,75.4,91.4,None,None
2026-01-23 20:24:00,MTR-04,Servo,Robotics Cell,1766.5,401.0,9.74,5.82,70.5,71.7,2.48,76.8,91.1,None,None
2026-01-23 20:24:00,MTR-05,Synchronous,Utility Room,1172.6,392.2,13.98,8.17,82.5,73.2,3.02,76.3,91.7,None,None
2026-01-23 20:24:00,MTR-06,Induction,Packaging Line,1525.3,395.3,11.91,7.01,77.7,71.7,2.91,75.9,90.6,None,None
2026-01-23 22:48:00,MTR-01,Induction,Assembly Line A,1459.9,405.5,10.45,6.31,77.9,68.6,1.87,75.4,91.2,None,None
2026-01-23 22:48:00,MTR-02,Induction,Assembly Line A,1531.2,397.4,11.92,7.05,72.6,69.3,2.39,75.6,91.9,None,None
2026-01-23 22:48:00,MTR-03,Servo,Robotics Cell,1877.5,395.1,8.98,5.29,74.0,61.8,1.55,75.3,91.0,None,None
2026-01-23 22:48:00,MTR-04,Servo,Robotics Cell,1776.4,403.7,9.44,5.68,71.9,68.2,2.3,77.5,91.9,None,None
2026-01-23 22:48:00,MTR-05,Synchronous,Utility Room,1183.7,400.2,13.42,8.0,77.7,71.5,3.08,76.1,90.9,None,None
2026-01-23 22:48:00,MTR-06,Induction,Packaging Line,1527.7,401.3,12.24,7.32,81.9,71.3,2.65,78.5,91.6,None,None
2026-01-24 01:12:00,MTR-01,Induction,Assembly Line A,1431.0,393.8,10.51,6.16,71.4,65.2,2.1,74.2,93.0,None,None
2026-01-24 01:12:00,MTR-02,Induction,Assembly Line A,1435.5,395.1,11.05,6.51,80.3,67.6,2.32,72.4,90.3,None,None
2026-01-24 01:12:00,MTR-03,Servo,Robotics Cell,1832.9,398.8,8.56,5.09,72.0,66.3,1.57,77.3,91.1,None,None
2026-01-24 01:12:00,MTR-04,Servo,Robotics Cell,1736.0,396.9,9.24,5.46,69.8,69.4,1.75,74.3,91.4,None,None
2026-01-24 01:12:00,MTR-05,Synchronous,Utility Room,1208.7,399.1,13.45,7.99,79.8,71.8,2.93,78.2,91.1,None,None
2026-01-24 01:12:00,MTR-06,Induction,Packaging Line,1547.9,398.1,11.89,7.05,77.9,73.6,2.91,75.9,90.1,None,None
2026-01-24 03:36:00,MTR-01,Induction,Assembly Line A,1443.4,397.8,10.88,6.45,76.4,63.3,2.06,78.4,91.0,None,None
2026-01-24 03:36:00,MTR-02,Induction,Assembly Line A,1495.2,395.5,10.66,6.28,78.9,68.5,2.49,77.6,91.6,None,None
2026-01-24 03:36:00,MTR-03,Servo,Robotics Cell,1790.1,401.0,8.2,4.9,69.9,62.0,1.69,74.5,91.5,None,None
2026-01-24 03:36:00,MTR-04,Servo,Robotics Cell,1751.4,396.7,9.13,5.4,70.1,69.2,1.89,74.8,91.6,None,None
2026-01-24 03:36:00,MTR-05,Synchronous,Utility Room,1194.9,397.5,14.04,8.31,79.5,73.1,3.1,75.5,91.2,None,None
2026-01-24 03:36:00,MTR-06,Induction,Packaging Line,1558.3,403.4,11.58,6.96,81.2,69.6,2.51,75.4,90.8,None,None
2026-01-24 06:00:00,MTR-01,Induction,Assembly Line A,1470.4,397.4,9.55,5.65,74.3,68.7,1.97,73.2,91.4,None,None
2026-01-24 06:00:00,MTR-02,Induction,Assembly Line A,1490.7,398.6,11.39,6.76,73.6,74.2,2.06,75.6,91.8,None,None
2026-01-24 06:00:00,MTR-03,Servo,Robotics Cell,1809.7,400.6,7.85,4.68,75.1,68.3,1.25,73.1,91.2,None,None
2026-01-24 06:00:00,MTR-04,Servo,Robotics Cell,1717.0,398.1,8.37,4.97,77.4,67.9,2.52,72.7,91.0,None,None
2026-01-24 06:00:00,MTR-05,Synchronous,Utility Room,1221.6,401.7,11.82,7.08,76.5,72.3,3.13,76.6,90.8,None,None
2026-01-24 06:00:00,MTR-06,Induction,Packaging Line,1574.1,395.8,11.23,6.62,79.4,74.6,3.03,76.1,91.1,None,None
2026-01-24 08:24:00,MTR-01,Induction,Assembly Line A,1492.0,394.0,11.38,6.68,76.0,65.1,1.83,78.5,92.1,None,None
2026-01-24 08:24:00,MTR-02,Induction,Assembly Line A,1475.2,399.0,10.62,6.31,77.5,71.7,2.67,76.9,90.4,None,None
2026-01-24 08:24:00,MTR-03,Servo,Robotics Cell,1831.9,401.1,8.38,5.01,65.4,65.8,1.9,73.4,91.7,None,None
2026-01-24 08:24:00,MTR-04,Servo,Robotics Cell,1749.7,399.3,9.34,5.55,72.3,71.6,1.97,73.8,90.3,None,None
2026-01-24 08:24:00,MTR-05,Synchronous,Utility Room,1172.7,401.3,11.43,6.83,80.5,71.1,2.62,76.8,92.0,None,None
2026-01-24 08:24:00,MTR-06,Induction,Packaging Line,1473.7,388.8,11.54,6.68,79.1,74.9,3.16,75.9,90.2,None,None
2026-01-24 10:48:00,MTR-01,Induction,Assembly Line A,1460.2,400.3,10.82,6.45,74.5,67.5,1.99,74.6,90.3,None,None
2026-01-24 10:48:00,MTR-02,Induction,Assembly Line A,1480.7,409.7,11.55,7.05,74.7,68.5,2.55,73.6,90.2,None,None
2026-01-24 10:48:00,MTR-03,Servo,Robotics Cell,1797.8,399.2,7.27,4.32,67.9,64.4,1.18,74.5,90.7,None,None
2026-01-24 10:48:00,MTR-04,Servo,Robotics Cell,1747.0,395.9,9.69,5.71,69.0,67.7,2.2,72.3,91.3,None,None
2026-01-24 10:48:00,MTR-05,Synchronous,Utility Room,1223.5,400.1,13.08,7.8,80.2,74.3,3.22,77.7,90.5,None,None
2026-01-24 10:48:00,MTR-06,Induction,Packaging Line,1526.8,388.6,13.74,7.95,79.6,73.7,2.65,75.1,91.6,None,None
2026-01-24 13:12:00,MTR-01,Induction,Assembly Line A,1436.7,399.1,10.35,6.15,72.5,67.9,1.9,77.7,91.7,None,None
2026-01-24 13:12:00,MTR-02,Induction,Assembly Line A,1516.2,402.6,11.79,7.07,76.6,68.7,2.36,76.5,90.6,None,None
2026-01-24 13:12:00,MTR-03,Servo,Robotics Cell,1836.5,405.2,9.06,5.47,68.8,62.3,1.97,71.6,92.1,None,None
2026-01-24 13:12:00,MTR-04,Servo,Robotics Cell,1821.9,404.2,9.03,5.44,71.4,74.4,1.87,77.3,90.2,None,None
2026-01-24 13:12:00,MTR-05,Synchronous,Utility Room,1190.6,405.5,12.62,7.63,79.4,75.2,3.22,75.5,91.0,None,None
2026-01-24 13:12:00,MTR-06,Induction,Packaging Line,1522.8,399.5,12.22,7.27,74.4,73.0,2.79,76.9,91.9,None,None
2026-01-24 15:36:00,MTR-01,Induction,Assembly Line A,1453.3,397.4,10.97,6.5,74.1,66.8,2.22,73.6,90.9,None,None
2026-01-24 15:36:00,MTR-02,Induction,Assembly Line A,1480.2,401.0,12.38,7.39,74.5,70.4,2.79,77.0,90.0,None,None
2026-01-24 15:36:00,MTR-03,Servo,Robotics Cell,1837.2,404.3,8.7,5.24,71.4,64.1,1.63,75.1,91.8,None,None
2026-01-24 15:36:00,MTR-04,Servo,Robotics Cell,1767.2,400.3,8.93,5.32,68.3,70.7,1.96,75.8,91.8,None,None
2026-01-24 15:36:00,MTR-05,Synchronous,Utility Room,1186.4,399.4,13.72,8.16,81.9,73.6,2.82,75.3,90.8,None,None
2026-01-24 15:36:00,MTR-06,Induction,Packaging Line,1510.7,396.7,11.78,6.96,78.5,74.0,2.66,73.1,90.6,None,None
2026-01-24 18:00:00,MTR-01,Induction,Assembly Line A,1505.8,402.8,11.74,7.04,73.8,71.8,1.74,75.1,90.5,None,None
2026-01-24 18:00:00,MTR-02,Induction,Assembly Line A,1466.1,399.6,11.84,7.05,77.5,73.0,2.58,75.2,89.5,None,None
2026-01-24 18:00:00,MTR-03,Servo,Robotics Cell,1843.6,392.7,8.13,4.75,70.4,61.3,1.67,77.2,91.2,None,None
2026-01-24 18:00:00,MTR-04,Servo,Robotics Cell,1761.5,402.8,9.88,5.93,71.3,68.4,2.02,73.6,91.5,None,None
2026-01-24 18:00:00,MTR-05,Synchronous,Utility Room,1244.6,403.7,12.86,7.73,83.5,71.4,3.04,76.6,91.5,None,None
2026-01-24 18:00:00,MTR-06,Induction,Packaging Line,1525.6,402.1,11.92,7.14,80.1,69.6,2.59,75.3,90.7,None,None
2026-01-24 20:24:00,MTR-01,Induction,Assembly Line A,1445.4,395.3,10.72,6.31,74.6,65.6,2.21,73.3,93.3,None,None
2026-01-24 20:24:00,MTR-02,Induction,Assembly Line A,1495.1,409.5,12.18,7.43,75.4,72.2,2.26,75.1,90.9,None,None
2026-01-24 20:24:00,MTR-03,Servo,Robotics Cell,1762.1,397.7,8.4,4.98,71.0,58.6,1.36,76.2,92.2,None,None
2026-01-24 20:24:00,MTR-04,Servo,Robotics Cell,1757.4,402.5,8.79,5.27,69.1,67.4,2.21,69.8,90.8,None,None
2026-01-24 20:24:00,MTR-05,Synchronous,Utility Room,1219.0,403.7,13.23,7.96,79.3,73.5,3.25,78.1,90.1,None,None
2026-01-24 20:24:00,MTR-06,Induction,Packaging Line,1533.1,398.3,12.83,7.61,73.1,73.0,2.73,77.5,90.4,None,None
2026-01-24 22:48:00,MTR-01,Induction,Assembly Line A,1438.7,407.7,11.42,6.93,79.4,68.4,1.66,75.4,90.5,None,None
2026-01-24 22:48:00,MTR-02,Induction,Assembly Line A,1500.0,395.1,12.16,7.16,79.7,71.0,2.07,75.9,91.2,None,None
2026-01-24 22:48:00,MTR-03,Servo,Robotics Cell,1826.0,402.5,8.03,4.81,73.5,64.0,1.44,76.5,92.6,None,None
2026-01-24 22:48:00,MTR-04,Servo,Robotics Cell,1747.7,397.5,9.07,5.37,70.9,67.8,2.0,75.4,90.9,None,None
2026-01-24 22:48:00,MTR-05,Synchronous,Utility Room,1180.2,393.4,13.57,7.95,81.5,73.4,2.77,76.8,90.5,None,None
2026-01-24 22:48:00,MTR-06,Induction,Packaging Line,1530.9,400.4,11.92,7.11,77.3,70.3,2.21,79.0,90.7,None,None
2026-01-25 01:12:00,MTR-01,Induction,Assembly Line A,1477.7,389.0,10.26,5.95,76.5,69.1,2.3,77.0,90.2,None,None
2026-01-25 01:12:00,MTR-02,Induction,Assembly Line A,1513.2,400.8,10.78,6.43,81.0,68.3,2.78,78.2,91.2,None,None
2026-01-25 01:12:00,MTR-03,Servo,Robotics Cell,1793.3,405.7,8.5,5.14,71.6,64.5,1.44,75.0,90.8,None,None
2026-01-25 01:12:00,MTR-04,Servo,Robotics Cell,1727.7,400.3,9.27,5.53,72.8,66.3,2.29,76.6,91.9,None,None
2026-01-25 01:12:00,MTR-05,Synchronous,Utility Room,1162.1,402.3,12.36,7.41,85.0,72.4,3.02,77.0,90.8,None,None
2026-01-25 01:12:00,MTR-06,Induction,Packaging Line,1545.1,404.0,11.47,6.9,76.4,74.0,2.66,75.3,90.7,None,None
2026-01-25 03:36:00,MTR-01,Induction,Assembly Line A,1428.6,400.0,10.95,6.52,75.4,67.4,1.54,74.4,91.1,None,None
2026-01-25 03:36:00,MTR-02,Induction,Assembly Line A,1509.1,395.9,12.45,7.34,73.1,71.9,2.4,74.8,91.2,None,None
2026-01-25 03:36:00,MTR-03,Servo,Robotics Cell,1865.7,403.2,7.44,4.47,73.6,64.3,2.13,72.6,91.5,None,None
2026-01-25 03:36:00,MTR-04,Servo,Robotics Cell,1821.2,398.6,8.52,5.06,70.2,66.1,2.54,78.4,90.6,None,None
2026-01-25 03:36:00,MTR-05,Synchronous,Utility Room,1224.5,388.7,13.97,8.09,83.8,69.2,3.71,76.5,91.5,None,None
2026-01-25 03:36:00,MTR-06,Induction,Packaging Line,1531.7,399.0,12.34,7.33,79.8,72.4,2.84,72.7,90.3,None,None
2026-01-25 06:00:00,MTR-01,Induction,Assembly Line A,1462.6,399.8,11.04,6.58,77.0,67.4,1.9,75.2,90.0,None,None
2026-01-25 06:00:00,MTR-02,Induction,Assembly Line A,1463.3,401.7,11.21,6.71,80.8,70.5,2.31,75.7,92.3,None,None
2026-01-25 06:00:00,MTR-03,Servo,Robotics Cell,1889.4,396.7,7.66,4.52,72.6,66.2,1.3,73.8,91.5,None,None
2026-01-25 06:00:00,MTR-04,Servo,Robotics Cell,1794.3,394.2,8.02,4.71,73.2,72.9,2.18,76.0,91.1,None,None
2026-01-25 06:00:00,MTR-05,Synchronous,Utility Room,1189.9,396.2,13.63,8.05,80.2,72.2,2.9,78.2,90.0,None,None
2026-01-25 06:00:00,MTR-06,Induction,Packaging Line,1520.4,393.7,12.01,7.04,83.0,74.9,2.89,73.1,91.5,None,None
2026-01-25 08:24:00,MTR-01,Induction,Assembly Line A,1476.1,404.3,9.73,5.86,74.6,64.4,2.07,75.0,91.4,None,None
2026-01-25 08:24:00,MTR-02,Induction,Assembly Line A,1489.3,403.8,12.12,7.29,82.5,69.5,2.48,72.7,91.8,None,None
2026-01-25 08:24:00,MTR-03,Servo,Robotics Cell,1832.8,398.2,8.87,5.26,68.4,71.2,1.77,74.4,90.6,None,None
2026-01-25 08:24:00,MTR-04,Servo,Robotics Cell,1736.5,400.5,7.85,4.68,69.5,68.5,2.01,74.7,90.9,None,None
2026-01-25 08:24:00,MTR-05,Synchronous,Utility Room,1182.0,397.8,14.04,8.32,78.5,72.6,3.01,76.9,91.0,None,None
2026-01-25 08:24:00,MTR-06,Induction,Packaging Line,1523.3,393.9,12.24,7.18,79.3,74.9,2.65,78.3,90.3,None,None
2026-01-25 10:48:00,MTR-01,Induction,Assembly Line A,1435.1,401.0,14.31,8.55,75.6,77.5,4.26,84.5,85.4,Loose Mounting,Low
2026-01-25 10:48:00,MTR-02,Induction,Assembly Line A,1430.5,402.7,11.0,6.6,75.7,69.8,2.66,76.5,90.7,None,None
2026-01-25 10:48:00,MTR-03,Servo,Robotics Cell,1805.0,399.9,9.18,5.47,69.9,66.3,1.56,72.0,92.5,None,None
2026-01-25 10:48:00,MTR-04,Servo,Robotics Cell,1764.1,398.6,8.34,4.95,73.7,69.2,2.03,74.4,89.7,None,None
2026-01-25 10:48:00,MTR-05,Synchronous,Utility Room,1207.2,392.0,14.19,8.28,77.5,75.7,2.9,75.2,90.8,None,None
2026-01-25 10:48:00,MTR-06,Induction,Packaging Line,1483.4,400.0,11.8,7.03,78.6,69.7,2.58,77.0,90.8,None,None
2026-01-25 13:12:00,MTR-01,Induction,Assembly Line A,1493.9,403.9,11.66,7.01,73.0,66.5,1.94,76.3,91.3,None,None
2026-01-25 13:12:00,MTR-02,Induction,Assembly Line A,1478.5,395.0,11.32,6.66,70.5,71.7,2.46,73.5,91.7,None,None
2026-01-25 13:12:00,MTR-03,Servo,Robotics Cell,1839.9,404.6,6.87,4.14,68.0,62.6,1.57,75.5,91.2,None,None
2026-01-25 13:12:00,MTR-04,Servo,Robotics Cell,1761.8,396.4,8.89,5.25,73.0,71.2,2.23,77.2,91.5,None,None
2026-01-25 13:12:00,MTR-05,Synchronous,Utility Room,1186.9,407.3,12.75,7.73,83.8,72.9,3.42,76.6,90.8,None,None
2026-01-25 13:12:00,MTR-06,Induction,Packaging Line,1500.4,406.1,11.46,6.93,78.9,75.6,2.98,75.8,90.7,None,None
2026-01-25 15:36:00,MTR-01,Induction,Assembly Line A,1491.2,400.4,10.92,6.51,75.8,67.7,2.37,73.4,90.9,None,None
2026-01-25 15:36:00,MTR-02,Induction,Assembly Line A,1472.6,400.7,11.81,7.05,73.0,73.2,2.32,77.1,91.1,None,None
2026-01-25 15:36:00,MTR-03,Servo,Robotics Cell,1806.9,402.4,7.59,4.55,68.7,61.7,1.79,74.7,92.2,None,None
2026-01-25 15:36:00,MTR-04,Servo,Robotics Cell,1751.1,399.0,9.77,5.81,71.7,68.2,2.17,75.6,92.1,None,None
2026-01-25 15:36:00,MTR-05,Synchronous,Utility Room,1164.7,393.4,13.52,7.92,75.2,73.8,3.37,76.7,89.6,None,None
2026-01-25 15:36:00,MTR-06,Induction,Packaging Line,1487.9,402.7,12.6,7.56,82.0,69.7,2.81,72.6,90.8,None,None
2026-01-25 18:00:00,MTR-01,Induction,Assembly Line A,1433.1,394.1,9.68,5.68,74.2,68.2,1.72,74.3,91.8,None,None
2026-01-25 18:00:00,MTR-02,Induction,Assembly Line A,1449.7,401.9,11.71,7.01,77.1,71.7,2.38,77.5,89.9,None,None
2026-01-25 18:00:00,MTR-03,Servo,Robotics Cell,1858.1,393.1,8.89,5.21,69.5,66.5,1.82,73.0,91.0,None,None
2026-01-25 18:00:00,MTR-04,Servo,Robotics Cell,1712.3,392.7,7.84,4.59,70.6,70.6,2.27,76.8,90.8,None,None
2026-01-25 18:00:00,MTR-05,Synchronous,Utility Room,1214.8,400.6,13.35,7.97,79.1,70.6,2.9,80.3,91.1,None,None
2026-01-25 18:00:00,MTR-06,Induction,Packaging Line,1465.2,401.0,12.76,7.62,75.5,72.8,2.22,73.4,90.9,None,None
2026-01-25 20:24:00,MTR-01,Induction,Assembly Line A,1466.6,403.0,11.06,6.64,72.3,67.0,1.96,76.9,91.6,None,None
2026-01-25 20:24:00,MTR-02,Induction,Assembly Line A,1471.0,401.9,12.09,7.24,76.7,70.6,2.7,76.1,90.4,None,None
2026-01-25 20:24:00,MTR-03,Servo,Robotics Cell,1793.1,402.9,8.56,5.14,71.5,62.3,1.77,75.0,92.6,None,None
2026-01-25 20:24:00,MTR-04,Servo,Robotics Cell,1800.4,407.6,9.54,5.79,71.7,69.8,2.43,74.7,91.0,None,None
2026-01-25 20:24:00,MTR-05,Synchronous,Utility Room,1185.6,398.6,14.33,8.51,77.8,72.9,2.8,77.1,90.8,None,None
2026-01-25 20:24:00,MTR-06,Induction,Packaging Line,1470.0,395.3,15.52,9.14,76.5,81.0,5.17,84.4,85.5,Misalignment,Low
2026-01-25 22:48:00,MTR-01,Induction,Assembly Line A,1444.6,406.4,11.36,6.88,74.8,68.8,2.04,74.6,91.8,None,None
2026-01-25 22:48:00,MTR-02,Induction,Assembly Line A,1470.5,401.9,11.63,6.96,78.1,68.4,2.09,76.8,90.4,None,None
2026-01-25 22:48:00,MTR-03,Servo,Robotics Cell,1833.4,404.4,7.49,4.51,71.6,64.0,1.59,73.8,91.9,None,None
2026-01-25 22:48:00,MTR-04,Servo,Robotics Cell,1755.1,395.0,9.66,5.69,68.1,70.2,2.46,72.3,92.6,None,None
2026-01-25 22:48:00,MTR-05,Synchronous,Utility Room,1233.8,400.6,12.76,7.62,78.8,72.3,2.69,77.0,90.9,None,None
2026-01-25 22:48:00,MTR-06,Induction,Packaging Line,1529.1,397.1,12.95,7.66,83.8,70.9,2.75,76.0,90.6,None,None
2026-01-26 01:12:00,MTR-01,Induction,Assembly Line A,1499.4,397.5,10.46,6.19,80.3,66.1,1.73,71.7,91.8,None,None
2026-01-26 01:12:00,MTR-02,Induction,Assembly Line A,1454.4,393.6,12.42,7.28,74.3,71.9,2.4,74.3,90.6,None,None
2026-01-26 01:12:00,MTR-03,Servo,Robotics Cell,1815.0,396.7,8.8,5.2,70.1,64.9,1.35,73.9,90.3,None,None
2026-01-26 01:12:00,MTR-04,Servo,Robotics Cell,1742.6,405.9,9.22,5.58,74.0,68.9,1.9,72.7,92.0,None,None
2026-01-26 01:12:00,MTR-05,Synchronous,Utility Room,1222.2,391.9,12.23,7.14,81.1,71.5,3.49,78.8,91.8,None,None
2026-01-26 01:12:00,MTR-06,Induction,Packaging Line,1501.5,397.0,12.02,7.11,81.0,72.1,2.42,75.6,91.3,None,None
2026-01-26 03:36:00,MTR-01,Induction,Assembly Line A,1429.5,403.3,11.58,6.96,73.1,67.5,2.03,71.4,91.5,None,None
2026-01-26 03:36:00,MTR-02,Induction,Assembly Line A,1468.3,404.9,11.28,6.8,76.9,69.5,2.39,71.3,90.9,None,None
2026-01-26 03:36:00,MTR-03,Servo,Robotics Cell,1803.9,407.1,7.56,4.59,67.2,65.6,2.15,76.1,91.5,None,None
2026-01-26 03:36:00,MTR-04,Servo,Robotics Cell,1771.1,388.1,8.42,4.87,74.4,70.2,2.01,74.2,90.5,None,None
2026-01-26 03:36:00,MTR-05,Synchronous,Utility Room,1165.1,401.6,13.09,7.83,77.1,72.9,3.5,77.0,91.6,None,None
2026-01-26 03:36:00,MTR-06,Induction,Packaging Line,1511.7,398.4,11.72,6.96,77.3,70.7,2.31,75.1,91.5,None,None
2026-01-26 06:00:00,MTR-01,Induction,Assembly Line A,1431.3,402.4,11.36,6.81,74.3,67.0,1.72,71.1,91.1,None,None
2026-01-26 06:00:00,MTR-02,Induction,Assembly Line A,1437.2,405.2,11.95,7.21,79.1,73.6,2.49,77.8,90.0,None,None
2026-01-26 06:00:00,MTR-03,Servo,Robotics Cell,1808.5,396.9,7.8,4.61,68.3,63.8,1.57,75.1,90.7,None,None
2026-01-26 06:00:00,MTR-04,Servo,Robotics Cell,1774.0,397.1,9.2,5.44,71.2,67.0,2.07,70.6,90.1,None,None
2026-01-26 06:00:00,MTR-05,Synchronous,Utility Room,1189.5,403.2,13.68,8.21,79.3,72.5,3.3,78.8,90.1,None,None
2026-01-26 06:00:00,MTR-06,Induction,Packaging Line,1499.8,405.6,11.49,6.94,78.5,72.9,2.68,76.5,91.1,None,None
2026-01-26 08:24:00,MTR-01,Induction,Assembly Line A,1487.7,398.0,10.21,6.05,77.3,67.4,2.27,76.1,91.2,None,None
2026-01-26 08:24:00,MTR-02,Induction,Assembly Line A,1383.9,388.0,15.56,8.99,69.4,85.7,6.32,88.4,80.0,Misalignment,Medium
2026-01-26 08:24:00,MTR-03,Servo,Robotics Cell,1814.5,408.3,8.33,5.06,67.0,61.5,1.7,75.2,91.5,None,None
2026-01-26 08:24:00,MTR-04,Servo,Robotics Cell,1709.6,394.4,9.22,5.42,70.7,72.6,2.15,76.5,91.0,None,None
2026-01-26 08:24:00,MTR-05,Synchronous,Utility Room,1196.8,406.3,13.59,8.22,81.8,73.3,3.25,73.5,90.2,None,None
2026-01-26 08:24:00,MTR-06,Induction,Packaging Line,1428.2,394.3,18.72,10.99,75.3,90.1,7.23,91.9,79.2,Electrical Overload,High
2026-01-26 10:48:00,MTR-01,Induction,Assembly Line A,1475.9,400.7,10.54,6.29,68.5,69.2,1.8,75.9,91.7,None,None
2026-01-26 10:48:00,MTR-02,Induction,Assembly Line A,1515.3,395.3,11.5,6.77,75.5,73.3,2.6,76.3,91.8,None,None
2026-01-26 10:48:00,MTR-03,Servo,Robotics Cell,1790.0,403.0,8.31,4.99,72.8,65.5,2.03,75.2,91.1,None,None
2026-01-26 10:48:00,MTR-04,Servo,Robotics Cell,1741.6,403.3,8.22,4.94,69.6,71.0,2.11,74.8,90.1,None,None
2026-01-26 10:48:00,MTR-05,Synchronous,Utility Room,1205.6,406.6,13.68,8.28,84.9,72.6,3.06,77.9,90.3,None,None
2026-01-26 10:48:00,MTR-06,Induction,Packaging Line,1450.8,391.2,12.91,7.52,80.1,71.4,2.94,73.5,90.1,None,None
2026-01-26 13:12:00,MTR-01,Induction,Assembly Line A,1389.7,397.2,11.36,6.72,71.0,67.9,1.63,73.0,92.0,None,None
2026-01-26 13:12:00,MTR-02,Induction,Assembly Line A,1436.9,395.8,14.06,8.29,75.4,79.2,4.41,83.7,85.1,Bearing Wear,Low
2026-01-26 13:12:00,MTR-03,Servo,Robotics Cell,1824.6,394.2,7.63,4.48,68.0,64.6,1.69,71.1,91.9,None,None
2026-01-26 13:12:00,MTR-04,Servo,Robotics Cell,1754.2,401.3,8.62,5.15,72.8,69.4,1.76,75.4,91.5,None,None
2026-01-26 13:12:00,MTR-05,Synchronous,Utility Room,1208.9,403.3,13.03,7.83,78.4,72.5,3.08,78.7,90.3,None,None
2026-01-26 13:12:00,MTR-06,Induction,Packaging Line,1525.1,399.9,11.89,7.08,75.8,71.3,2.4,78.9,92.0,None,None
2026-01-26 15:36:00,MTR-01,Induction,Assembly Line A,1473.5,394.6,10.48,6.16,74.8,66.7,2.22,76.3,90.1,None,None
2026-01-26 15:36:00,MTR-02,Induction,Assembly Line A,1500.0,390.5,11.99,6.97,82.1,70.3,2.8,75.1,91.0,None,None
2026-01-26 15:36:00,MTR-03,Servo,Robotics Cell,1810.1,394.9,8.24,4.85,71.5,62.9,1.92,74.2,91.4,None,None
2026-01-26 15:36:00,MTR-04,Servo,Robotics Cell,1750.4,402.4,8.98,5.39,69.1,69.0,2.58,73.5,92.0,None,None
2026-01-26 15:36:00,MTR-05,Synchronous,Utility Room,1211.2,404.5,13.62,8.21,79.6,77.4,3.38,75.9,91.0,None,None
2026-01-26 15:36:00,MTR-06,Induction,Packaging Line,1500.3,401.5,11.9,7.12,77.1,73.4,2.69,76.2,92.6,None,None
2026-01-26 18:00:00,MTR-01,Induction,Assembly Line A,1511.2,393.9,11.68,6.85,72.6,68.5,1.71,73.8,90.7,None,None
2026-01-26 18:00:00,MTR-02,Induction,Assembly Line A,1524.7,400.2,11.73,6.99,75.7,71.7,2.71,74.8,90.3,None,None
2026-01-26 18:00:00,MTR-03,Servo,Robotics Cell,1783.9,401.8,7.6,4.55,68.5,62.6,1.81,75.1,90.7,None,None
2026-01-26 18:00:00,MTR-04,Servo,Robotics Cell,1779.8,397.7,8.43,4.99,72.3,66.0,1.95,76.1,90.5,None,None
2026-01-26 18:00:00,MTR-05,Synchronous,Utility Room,1160.4,398.7,13.5,8.02,81.9,73.4,2.83,74.5,92.1,None,None
2026-01-26 18:00:00,MTR-06,Induction,Packaging Line,1550.5,402.3,10.94,6.56,80.3,72.6,2.57,76.4,90.1,None,None
2026-01-26 20:24:00,MTR-01,Induction,Assembly Line A,1440.6,390.2,10.59,6.16,80.8,65.3,1.81,73.4,90.7,None,None
2026-01-26 20:24:00,MTR-02,Induction,Assembly Line A,1483.8,403.2,12.22,7.34,78.1,69.8,2.32,73.4,92.4,None,None
2026-01-26 20:24:00,MTR-03,Servo,Robotics Cell,1869.7,404.1,7.97,4.8,71.2,65.6,1.26,73.0,91.6,None,None
2026-01-26 20:24:00,MTR-04,Servo,Robotics Cell,1753.5,394.8,9.06,5.33,68.7,68.7,1.8,74.0,90.6,None,None
2026-01-26 20:24:00,MTR-05,Synchronous,Utility Room,1212.9,409.9,13.54,8.27,78.2,68.5,3.76,73.9,90.5,None,None
2026-01-26 20:24:00,MTR-06,Induction,Packaging Line,1542.8,398.3,11.42,6.77,77.8,73.2,3.14,76.5,91.2,None,None
2026-01-26 22:48:00,MTR-01,Induction,Assembly Line A,1481.9,392.0,10.44,6.1,75.0,69.0,1.74,76.6,90.5,None,None
2026-01-26 22:48:00,MTR-02,Induction,Assembly Line A,1452.5,400.0,11.78,7.02,74.7,71.1,2.77,80.2,90.3,None,None
2026-01-26 22:48:00,MTR-03,Servo,Robotics Cell,1826.9,400.4,8.11,4.84,70.5,64.1,1.49,74.6,91.8,None,None
2026-01-26 22:48:00,MTR-04,Servo,Robotics Cell,1749.9,390.1,8.76,5.09,73.3,71.2,1.91,77.9,90.6,None,None
2026-01-26 22:48:00,MTR-05,Synchronous,Utility Room,1208.0,390.7,13.15,7.65,80.2,75.7,2.89,74.7,90.5,None,None
2026-01-26 22:48:00,MTR-06,Induction,Packaging Line,1528.4,399.5,12.22,7.27,76.1,73.5,2.79,77.4,90.3,None,None
2026-01-27 01:12:00,MTR-01,Induction,Assembly Line A,1479.6,397.1,10.65,6.3,75.5,68.2,1.82,75.9,91.5,None,None
2026-01-27 01:12:00,MTR-02,Induction,Assembly Line A,1535.0,404.7,11.43,6.89,76.6,71.7,2.3,77.6,90.7,None,None
2026-01-27 01:12:00,MTR-03,Servo,Robotics Cell,1792.0,401.8,9.01,5.39,73.3,64.9,1.5,74.6,90.7,None,None
2026-01-27 01:12:00,MTR-04,Servo,Robotics Cell,1772.6,393.8,8.58,5.03,72.4,71.7,1.9,77.0,90.9,None,None
2026-01-27 01:12:00,MTR-05,Synchronous,Utility Room,1166.7,402.3,13.53,8.11,81.5,71.7,2.87,77.4,90.0,None,None
2026-01-27 01:12:00,MTR-06,Induction,Packaging Line,1509.5,397.6,12.13,7.19,75.5,74.2,3.0,78.9,90.0,None,None
2026-01-27 03:36:00,MTR-01,Induction,Assembly Line A,1497.3,398.9,10.63,6.32,71.0,68.8,2.42,72.6,91.8,None,None
2026-01-27 03:36:00,MTR-02,Induction,Assembly Line A,1484.7,398.9,11.51,6.84,76.8,73.1,2.91,77.1,91.6,None,None
2026-01-27 03:36:00,MTR-03,Servo,Robotics Cell,1801.3,399.2,7.91,4.7,68.2,67.0,1.55,74.5,91.9,None,None
2026-01-27 03:36:00,MTR-04,Servo,Robotics Cell,1743.0,396.1,9.22,5.44,72.5,69.8,2.22,74.3,90.6,None,None
2026-01-27 03:36:00,MTR-05,Synchronous,Utility Room,1198.3,394.5,13.42,7.88,81.1,73.3,3.06,78.1,91.1,None,None
2026-01-27 03:36:00,MTR-06,Induction,Packaging Line,1512.2,398.9,11.7,6.95,78.5,72.1,2.82,74.0,92.5,None,None
2026-01-27 06:00:00,MTR-01,Induction,Assembly Line A,1473.6,399.7,13.41,7.99,73.6,75.3,4.18,80.8,85.5,Electrical Overload,Low
2026-01-27 06:00:00,MTR-02,Induction,Assembly Line A,1508.3,400.8,10.72,6.4,78.5,71.1,2.48,75.1,92.0,None,None
2026-01-27 06:00:00,MTR-03,Servo,Robotics Cell,1827.7,393.0,8.34,4.88,73.4,64.6,1.63,74.3,91.7,None,None
2026-01-27 06:00:00,MTR-04,Servo,Robotics Cell,1790.2,399.5,8.92,5.31,74.7,70.5,2.08,72.2,90.5,None,None
2026-01-27 06:00:00,MTR-05,Synchronous,Utility Room,1209.0,409.3,13.86,8.45,81.4,75.1,3.13,75.4,91.4,None,None
2026-01-27 06:00:00,MTR-06,Induction,Packaging Line,1493.8,402.6,12.06,7.23,80.8,74.2,2.65,79.2,89.8,None,None
2026-01-27 08:24:00,MTR-01,Induction,Assembly Line A,1453.5,396.4,10.05,5.93,76.0,69.4,2.14,75.4,92.0,None,None
2026-01-27 08:24:00,MTR-02,Induction,Assembly Line A,1497.4,400.4,10.98,6.55,76.5,71.7,2.5,73.5,90.6,None,None
2026-01-27 08:24:00,MTR-03,Servo,Robotics Cell,1810.4,403.0,8.46,5.08,69.3,65.5,2.29,75.3,92.3,None,None
2026-01-27 08:24:00,MTR-04,Servo,Robotics Cell,1712.9,401.6,8.79,5.26,69.9,68.1,1.81,77.0,89.9,None,None
2026-01-27 08:24:00,MTR-05,Synchronous,Utility Room,1193.2,395.7,13.78,8.12,75.7,74.9,3.15,77.1,90.2,None,None
2026-01-27 08:24:00,MTR-06,Induction,Packaging Line,1481.5,408.8,13.02,7.93,82.2,68.9,2.74,77.7,91.2,None,None
2026-01-27 10:48:00,MTR-01,Induction,Assembly Line A,1483.5,399.6,10.51,6.25,76.4,72.7,1.89,73.8,91.6,None,None
2026-01-27 10:48:00,MTR-02,Induction,Assembly Line A,1502.9,397.4,11.76,6.96,73.1,71.3,1.78,75.1,91.8,None,None
2026-01-27 10:48:00,MTR-03,Servo,Robotics Cell,1811.2,403.2,8.42,5.06,71.9,65.4,1.55,73.5,91.4,None,None
2026-01-27 10:48:00,MTR-04,Servo,Robotics Cell,1804.2,402.5,8.63,5.18,69.8,72.4,1.76,75.7,91.6,None,None
2026-01-27 10:48:00,MTR-05,Synchronous,Utility Room,1179.2,396.0,13.36,7.88,80.7,75.1,3.07,79.7,90.1,None,None
2026-01-27 10:48:00,MTR-06,Induction,Packaging Line,1517.4,410.2,12.52,7.65,77.4,72.0,2.56,78.6,90.3,None,None
2026-01-27 13:12:00,MTR-01,Induction,Assembly Line A,1506.4,399.6,10.19,6.06,77.4,70.8,2.16,72.7,92.5,None,None
2026-01-27 13:12:00,MTR-02,Induction,Assembly Line A,1534.4,396.6,11.5,6.79,80.7,69.3,2.91,75.9,91.0,None,None
2026-01-27 13:12:00,MTR-03,Servo,Robotics Cell,1791.8,403.4,7.84,4.71,70.5,65.5,1.55,77.0,91.2,None,None
2026-01-27 13:12:00,MTR-04,Servo,Robotics Cell,1745.6,403.1,8.09,4.86,75.1,70.3,2.0,77.3,91.2,None,None
2026-01-27 13:12:00,MTR-05,Synchronous,Utility Room,1195.0,404.9,13.26,8.0,75.9,73.9,2.69,75.6,91.4,None,None
2026-01-27 13:12:00,MTR-06,Induction,Packaging Line,1520.0,399.1,11.28,6.7,81.6,74.8,2.6,80.0,91.1,None,None
2026-01-27 15:36:00,MTR-01,Induction,Assembly Line A,1479.5,399.9,10.44,6.22,76.1,69.7,2.12,75.0,90.7,None,None
2026-01-27 15:36:00,MTR-02,Induction,Assembly Line A,1465.5,397.1,11.77,6.96,81.3,70.6,1.97,75.9,90.0,None,None
2026-01-27 15:36:00,MTR-03,Servo,Robotics Cell,1795.5,399.7,8.05,4.79,71.5,63.8,1.49,76.2,91.1,None,None
2026-01-27 15:36:00,MTR-04,Servo,Robotics Cell,1756.4,403.5,9.54,5.73,68.9,70.5,1.53,73.4,92.2,None,None
2026-01-27 15:36:00,MTR-05,Synchronous,Utility Room,1214.0,396.6,12.74,7.53,79.4,77.1,3.45,77.0,90.7,None,None
2026-01-27 15:36:00,MTR-06,Induction,Packaging Line,1546.8,402.6,12.13,7.27,78.4,74.7,3.32,75.9,91.4,None,None
2026-01-27 18:00:00,MTR-01,Induction,Assembly Line A,1437.7,393.4,11.11,6.51,74.5,64.0,2.05,74.1,92.2,None,None
2026-01-27 18:00:00,MTR-02,Induction,Assembly Line A,1464.7,396.9,10.46,6.18,77.1,69.7,2.75,80.0,91.5,None,None
2026-01-27 18:00:00,MTR-03,Servo,Robotics Cell,1780.9,402.3,7.42,4.45,70.3,65.8,1.47,74.2,90.6,None,None
2026-01-27 18:00:00,MTR-04,Servo,Robotics Cell,1779.8,396.7,8.0,4.73,69.5,68.7,2.62,73.6,90.7,None,None
2026-01-27 18:00:00,MTR-05,Synchronous,Utility Room,1135.6,397.2,16.72,9.89,77.7,81.2,5.01,81.0,85.5,Electrical Overload,Low
2026-01-27 18:00:00,MTR-06,Induction,Packaging Line,1511.2,390.3,11.89,6.91,77.9,74.5,2.51,78.1,91.0,None,None
2026-01-27 20:24:00,MTR-01,Induction,Assembly Line A,1463.9,400.5,11.21,6.68,78.1,67.9,2.25,73.2,91.5,None,None
2026-01-27 20:24:00,MTR-02,Induction,Assembly Line A,1463.2,409.3,11.4,6.95,75.6,75.5,2.85,72.9,90.5,None,None
2026-01-27 20:24:00,MTR-03,Servo,Robotics Cell,1797.4,397.3,8.45,5.0,71.8,65.6,0.99,77.8,91.9,None,None
2026-01-27 20:24:00,MTR-04,Servo,Robotics Cell,1753.2,397.2,9.88,5.84,72.1,70.7,1.87,73.0,92.1,None,None
2026-01-27 20:24:00,MTR-05,Synchronous,Utility Room,1154.7,403.1,12.62,7.58,85.9,73.8,3.02,80.3,90.8,None,None
2026-01-27 20:24:00,MTR-06,Induction,Packaging Line,1529.1,401.9,12.56,7.52,80.0,73.1,2.29,75.7,89.6,None,None
2026-01-27 22:48:00,MTR-01,Induction,Assembly Line A,1528.7,396.6,10.04,5.93,73.0,66.9,2.17,75.9,91.4,None,None
2026-01-27 22:48:00,MTR-02,Induction,Assembly Line A,1442.8,411.0,13.43,8.22,73.3,79.8,4.82,82.3,85.8,Misalignment,Low
2026-01-27 22:48:00,MTR-03,Servo,Robotics Cell,1768.1,403.0,7.89,4.74,72.2,65.7,1.55,74.6,91.0,None,None
2026-01-27 22:48:00,MTR-04,Servo,Robotics Cell,1710.1,395.0,8.42,4.95,76.3,66.0,1.83,73.5,90.9,None,None
2026-01-27 22:48:00,MTR-05,Synchronous,Utility Room,1239.9,399.1,13.39,7.96,80.6,75.9,3.33,78.2,90.4,None,None
2026-01-27 22:48:00,MTR-06,Induction,Packaging Line,1536.4,402.2,12.53,7.51,82.4,69.9,2.67,73.9,90.6,None,None
2026-01-28 01:12:00,MTR-01,Induction,Assembly Line A,1440.7,405.2,12.37,7.47,74.3,69.4,2.15,74.1,90.0,None,None
2026-01-28 01:12:00,MTR-02,Induction,Assembly Line A,1504.3,401.5,11.81,7.06,75.8,74.2,2.73,76.1,90.2,None,None
2026-01-28 01:12:00,MTR-03,Servo,Robotics Cell,1882.9,410.1,9.1,5.56,66.2,67.0,1.58,76.3,91.5,None,None
2026-01-28 01:12:00,MTR-04,Servo,Robotics Cell,1755.3,402.3,8.97,5.37,74.3,70.4,2.17,75.4,93.2,None,None
2026-01-28 01:12:00,MTR-05,Synchronous,Utility Room,1237.7,397.3,12.79,7.57,82.4,72.1,3.31,75.5,91.2,None,None
2026-01-28 01:12:00,MTR-06,Induction,Packaging Line,1528.5,399.2,11.45,6.81,78.7,73.0,2.98,77.1,89.8,None,None
2026-01-28 03:36:00,MTR-01,Induction,Assembly Line A,1434.5,407.8,10.95,6.65,75.7,69.4,1.92,74.7,92.0,None,None
2026-01-28 03:36:00,MTR-02,Induction,Assembly Line A,1497.1,397.8,10.99,6.51,74.8,69.6,2.09,75.6,90.0,None,None
2026-01-28 03:36:00,MTR-03,Servo,Robotics Cell,1851.6,399.9,7.53,4.48,70.8,63.6,1.14,75.9,90.4,None,None
2026-01-28 03:36:00,MTR-04,Servo,Robotics Cell,1770.4,396.4,9.35,5.52,73.3,67.2,1.82,75.8,91.9,None,None
2026-01-28 03:36:00,MTR-05,Synchronous,Utility Room,1243.8,393.4,14.11,8.27,80.0,74.3,2.58,80.1,91.3,None,None
2026-01-28 03:36:00,MTR-06,Induction,Packaging Line,1532.5,396.9,11.33,6.7,80.0,74.2,2.84,76.8,92.4,None,None
2026-01-28 06:00:00,MTR-01,Induction,Assembly Line A,1469.5,398.5,10.03,5.95,75.7,65.1,1.93,75.1,90.4,None,None
2026-01-28 06:00:00,MTR-02,Induction,Assembly Line A,1452.6,401.7,11.91,7.12,75.3,70.7,2.39,77.0,90.5,None,None
2026-01-28 06:00:00,MTR-03,Servo,Robotics Cell,1780.1,401.1,8.02,4.79,64.6,66.2,1.28,72.8,89.9,None,None
2026-01-28 06:00:00,MTR-04,Servo,Robotics Cell,1770.5,400.8,8.82,5.27,76.0,71.1,2.36,75.1,91.2,None,None
2026-01-28 06:00:00,MTR-05,Synchronous,Utility Room,1156.1,410.9,12.69,7.77,83.5,71.4,3.17,74.3,90.0,None,None
2026-01-28 06:00:00,MTR-06,Induction,Packaging Line,1524.5,398.7,12.7,7.54,78.3,73.2,2.79,73.8,90.9,None,None
2026-01-28 08:24:00,MTR-01,Induction,Assembly Line A,1414.6,395.9,11.02,6.5,77.7,69.4,1.71,75.3,92.0,None,None
2026-01-28 08:24:00,MTR-02,Induction,Assembly Line A,1514.8,402.7,12.01,7.2,78.3,68.1,2.84,76.7,91.7,None,None
2026-01-28 08:24:00,MTR-03,Servo,Robotics Cell,1878.3,400.4,7.75,4.62,70.0,64.1,1.82,73.3,91.7,None,None
2026-01-28 08:24:00,MTR-04,Servo,Robotics Cell,1762.1,402.2,9.05,5.42,74.0,68.2,2.19,75.1,92.5,None,None
2026-01-28 08:24:00,MTR-05,Synchronous,Utility Room,1189.2,400.1,12.96,7.72,79.2,73.6,2.91,76.2,90.2,None,None
2026-01-28 08:24:00,MTR-06,Induction,Packaging Line,1503.8,402.0,12.0,7.18,78.6,70.1,2.63,75.6,91.0,None,None
2026-01-28 10:48:00,MTR-01,Induction,Assembly Line A,1461.9,397.2,11.06,6.54,76.0,69.0,2.16,75.2,91.9,None,None
2026-01-28 10:48:00,MTR-02,Induction,Assembly Line A,1482.3,401.7,11.33,6.78,75.7,73.2,2.1,75.0,92.4,None,None
2026-01-28 10:48:00,MTR-03,Servo,Robotics Cell,1805.3,401.3,7.66,4.58,69.6,65.5,1.48,74.4,92.5,None,None
2026-01-28 10:48:00,MTR-04,Servo,Robotics Cell,1780.4,401.4,9.82,5.87,69.8,68.7,2.15,75.0,91.3,None,None
2026-01-28 10:48:00,MTR-05,Synchronous,Utility Room,1221.6,395.8,12.54,7.4,81.3,73.4,3.64,75.4,90.5,None,None
2026-01-28 10:48:00,MTR-06,Induction,Packaging Line,1497.4,400.3,12.53,7.47,81.8,73.2,3.06,78.4,91.9,None,None
2026-01-28 13:12:00,MTR-01,Induction,Assembly Line A,1499.4,396.4,9.81,5.79,77.7,71.4,2.06,71.9,90.8,None,None
2026-01-28 13:12:00,MTR-02,Induction,Assembly Line A,1465.3,401.5,11.1,6.64,79.4,71.3,2.71,74.7,91.6,None,None
2026-01-28 13:12:00,MTR-03,Servo,Robotics Cell,1769.8,397.9,8.22,4.87,68.1,68.1,1.11,74.0,92.6,None,None
2026-01-28 13:12:00,MTR-04,Servo,Robotics Cell,1771.7,405.8,9.09,5.5,74.7,68.9,2.3,73.8,92.0,None,None
2026-01-28 13:12:00,MTR-05,Synchronous,Utility Room,1187.2,405.2,13.45,8.12,84.4,75.2,3.25,78.8,91.7,None,None
2026-01-28 13:12:00,MTR-06,Induction,Packaging Line,1477.7,402.9,12.67,7.6,83.0,75.2,2.51,77.6,90.9,None,None
2026-01-28 15:36:00,MTR-01,Induction,Assembly Line A,1460.7,406.3,10.22,6.19,78.0,67.2,2.05,75.7,91.6,None,None
2026-01-28 15:36:00,MTR-02,Induction,Assembly Line A,1493.9,414.6,12.08,7.46,81.6,72.2,2.28,75.8,92.0,None,None
2026-01-28 15:36:00,MTR-03,Servo,Robotics Cell,1829.3,400.8,9.06,5.41,69.5,65.4,1.93,73.6,91.0,None,None
2026-01-28 15:36:00,MTR-04,Servo,Robotics Cell,1770.5,397.8,9.16,5.43,69.8,70.3,1.96,77.6,91.6,None,None
2026-01-28 15:36:00,MTR-05,Synchronous,Utility Room,1234.1,397.0,13.67,8.08,79.3,74.9,3.58,75.5,91.0,None,None
2026-01-28 15:36:00,MTR-06,Induction,Packaging Line,1488.5,391.9,12.08,7.05,78.1,76.7,2.69,76.6,91.3,None,None
2026-01-28 18:00:00,MTR-01,Induction,Assembly Line A,1488.7,398.8,10.83,6.44,75.9,68.8,2.05,76.4,91.7,None,None
2026-01-28 18:00:00,MTR-02,Induction,Assembly Line A,1512.0,394.3,11.77,6.91,79.6,69.4,2.13,76.4,91.4,None,None
2026-01-28 18:00:00,MTR-03,Servo,Robotics Cell,1833.5,398.3,7.83,4.65,72.9,65.5,1.31,75.6,91.2,None,None
2026-01-28 18:00:00,MTR-04,Servo,Robotics Cell,1762.7,395.1,8.64,5.09,75.1,72.3,2.56,77.0,92.2,None,None
2026-01-28 18:00:00,MTR-05,Synchronous,Utility Room,1194.0,402.2,12.42,7.44,80.1,75.0,3.15,77.5,92.0,None,None
2026-01-28 18:00:00,MTR-06,Induction,Packaging Line,1521.0,396.2,11.95,7.05,79.3,73.9,2.93,78.7,91.1,None,None
2026-01-28 20:24:00,MTR-01,Induction,Assembly Line A,1476.9,399.9,10.91,6.5,76.0,72.5,1.87,75.8,92.0,None,None
2026-01-28 20:24:00,MTR-02,Induction,Assembly Line A,1504.9,395.6,11.44,6.74,79.5,68.9,2.0,77.3,90.5,None,None
2026-01-28 20:24:00,MTR-03,Servo,Robotics Cell,1824.1,402.8,8.3,4.98,69.8,65.9,1.63,71.2,92.2,None,None
2026-01-28 20:24:00,MTR-04,Servo,Robotics Cell,1769.2,402.4,9.5,5.7,71.2,68.2,2.28,77.8,91.1,None,None
2026-01-28 20:24:00,MTR-05,Synchronous,Utility Room,1202.8,400.9,14.42,8.61,77.0,73.7,2.96,80.6,90.4,None,None
2026-01-28 20:24:00,MTR-06,Induction,Packaging Line,1493.3,397.1,11.93,7.06,79.5,70.3,2.8,78.3,90.4,None,None
2026-01-28 22:48:00,MTR-01,Induction,Assembly Line A,1464.4,401.5,10.36,6.2,78.9,67.9,2.06,76.5,91.5,None,None
2026-01-28 22:48:00,MTR-02,Induction,Assembly Line A,1472.7,402.7,11.14,6.68,82.2,68.2,2.53,75.2,90.7,None,None
2026-01-28 22:48:00,MTR-03,Servo,Robotics Cell,1839.3,396.5,7.7,4.55,72.6,65.7,1.52,75.9,91.4,None,None
2026-01-28 22:48:00,MTR-04,Servo,Robotics Cell,1741.8,394.1,9.73,5.71,74.2,68.7,2.1,74.1,92.1,None,None
2026-01-28 22:48:00,MTR-05,Synchronous,Utility Room,1165.1,391.9,13.0,7.59,78.8,73.4,3.4,78.3,91.0,None,None
2026-01-28 22:48:00,MTR-06,Induction,Packaging Line,1481.5,409.3,11.45,6.98,83.4,70.2,2.75,76.9,91.3,None,None
2026-01-29 01:12:00,MTR-01,Induction,Assembly Line A,1465.7,412.2,11.02,6.76,74.8,67.2,1.83,73.3,92.0,None,None
2026-01-29 01:12:00,MTR-02,Induction,Assembly Line A,1500.7,395.5,12.0,7.07,79.6,72.1,2.59,74.3,90.5,None,None
2026-01-29 01:12:00,MTR-03,Servo,Robotics Cell,1828.1,398.3,8.33,4.94,70.4,66.7,1.59,75.2,91.6,None,None
2026-01-29 01:12:00,MTR-04,Servo,Robotics Cell,1727.0,398.4,9.41,5.59,71.9,69.9,2.13,75.6,91.8,None,None
2026-01-29 01:12:00,MTR-05,Synchronous,Utility Room,1239.0,401.8,13.43,8.04,79.6,71.2,3.36,80.4,90.9,None,None
2026-01-29 01:12:00,MTR-06,Induction,Packaging Line,1493.8,407.2,12.52,7.59,78.9,74.0,2.55,78.4,91.4,None,None
2026-01-29 03:36:00,MTR-01,Induction,Assembly Line A,1473.2,403.3,10.33,6.21,73.7,66.6,2.06,76.1,91.5,None,None
2026-01-29 03:36:00,MTR-02,Induction,Assembly Line A,1503.4,396.0,11.69,6.89,77.2,75.9,2.53,78.6,90.5,None,None
2026-01-29 03:36:00,MTR-03,Servo,Robotics Cell,1853.6,400.4,8.32,4.96,71.9,63.2,1.56,74.8,92.1,None,None
2026-01-29 03:36:00,MTR-04,Servo,Robotics Cell,1732.4,411.5,8.94,5.48,72.0,69.9,2.24,74.5,91.2,None,None
2026-01-29 03:36:00,MTR-05,Synchronous,Utility Room,1188.2,398.4,13.56,8.04,79.8,74.0,3.35,77.9,90.0,None,None
2026-01-29 03:36:00,MTR-06,Induction,Packaging Line,1513.0,407.4,11.4,6.92,80.8,71.0,2.54,75.7,90.9,None,None
2026-01-29 06:00:00,MTR-01,Induction,Assembly Line A,1454.2,397.7,10.28,6.09,82.8,70.8,2.16,76.1,92.2,None,None
2026-01-29 06:00:00,MTR-02,Induction,Assembly Line A,1501.1,396.6,11.05,6.53,77.6,73.2,2.8,78.7,92.3,None,None
2026-01-29 06:00:00,MTR-03,Servo,Robotics Cell,1847.4,399.6,7.66,4.56,72.0,66.9,1.97,74.7,92.0,None,None
2026-01-29 06:00:00,MTR-04,Servo,Robotics Cell,1772.3,392.6,10.06,5.89,75.5,70.9,2.26,72.1,90.7,None,None
2026-01-29 06:00:00,MTR-05,Synchronous,Utility Room,1194.8,408.1,14.28,8.68,79.1,75.0,3.13,74.7,90.8,None,None
2026-01-29 06:00:00,MTR-06,Induction,Packaging Line,1511.7,401.2,12.34,7.38,79.3,69.4,2.97,74.9,90.6,None,None
2026-01-29 08:24:00,MTR-01,Induction,Assembly Line A,1454.3,397.2,10.33,6.11,75.9,66.5,1.93,72.8,91.5,None,None
2026-01-29 08:24:00,MTR-02,Induction,Assembly Line A,1527.8,403.2,10.96,6.58,80.0,69.6,2.62,75.7,91.0,None,None
2026-01-29 08:24:00,MTR-03,Servo,Robotics Cell,1840.4,394.0,9.31,5.46,69.3,66.3,1.47,72.3,91.9,None,None
2026-01-29 08:24:00,MTR-04,Servo,Robotics Cell,1780.9,404.7,9.76,5.88,69.3,71.3,2.23,73.7,91.9,None,None
2026-01-29 08:24:00,MTR-05,Synchronous,Utility Room,1155.0,401.7,12.72,7.61,82.9,73.4,3.27,79.0,90.6,None,None
2026-01-29 08:24:00,MTR-06,Induction,Packaging Line,1523.6,400.6,11.84,7.07,76.6,75.2,2.88,76.9,91.4,None,None
2026-01-29 10:48:00,MTR-01,Induction,Assembly Line A,1489.2,402.7,10.59,6.36,71.4,72.2,2.06,71.6,90.6,None,None
2026-01-29 10:48:00,MTR-02,Induction,Assembly Line A,1527.2,391.3,11.64,6.78,77.4,72.6,2.12,74.8,90.4,None,None
2026-01-29 10:48:00,MTR-03,Servo,Robotics Cell,1840.8,397.5,7.59,4.49,69.4,65.1,1.47,74.5,90.6,None,None
2026-01-29 10:48:00,MTR-04,Servo,Robotics Cell,1724.3,404.4,9.07,5.46,70.5,69.6,2.1,73.2,90.8,None,None
2026-01-29 10:48:00,MTR-05,Synchronous,Utility Room,1206.9,404.5,13.38,8.06,78.7,72.4,3.03,79.0,89.9,None,None
2026-01-29 10:48:00,MTR-06,Induction,Packaging Line,1466.9,389.5,17.82,10.34,78.2,89.5,7.58,90.0,78.3,Electrical Overload,High
2026-01-29 13:12:00,MTR-01,Induction,Assembly Line A,1471.6,397.9,11.91,7.06,75.9,69.3,2.18,73.3,90.6,None,None
2026-01-29 13:12:00,MTR-02,Induction,Assembly Line A,1546.6,396.3,11.79,6.96,81.5,72.4,2.6,76.7,91.2,None,None
2026-01-29 13:12:00,MTR-03,Servo,Robotics Cell,1837.0,396.5,7.56,4.46,70.8,64.4,1.74,74.9,91.2,None,None
2026-01-29 13:12:00,MTR-04,Servo,Robotics Cell,1745.9,395.1,9.42,5.54,69.6,70.5,1.78,74.7,92.5,None,None
2026-01-29 13:12:00,MTR-05,Synchronous,Utility Room,1187.7,393.5,13.94,8.17,78.8,71.4,3.05,76.1,90.4,None,None
2026-01-29 13:12:00,MTR-06,Induction,Packaging Line,1537.5,402.9,11.79,7.08,80.0,73.3,2.66,74.4,90.1,None,None
2026-01-29 15:36:00,MTR-01,Induction,Assembly Line A,1423.0,399.2,10.81,6.43,76.0,67.9,1.8,74.0,91.2,None,None
2026-01-29 15:36:00,MTR-02,Induction,Assembly Line A,1460.3,403.6,11.99,7.21,77.6,71.9,2.78,76.3,91.1,None,None
2026-01-29 15:36:00,MTR-03,Servo,Robotics Cell,1825.7,392.7,8.31,4.86,70.3,68.0,1.28,74.3,91.4,None,None
2026-01-29 15:36:00,MTR-04,Servo,Robotics Cell,1763.0,404.9,9.26,5.59,68.7,68.5,2.12,75.3,91.2,None,None
2026-01-29 15:36:00,MTR-05,Synchronous,Utility Room,1203.1,404.4,12.86,7.75,82.2,77.1,2.62,74.3,91.9,None,None
2026-01-29 15:36:00,MTR-06,Induction,Packaging Line,1516.8,398.2,11.9,7.06,78.6,71.7,2.26,76.5,91.2,None,None
2026-01-29 18:00:00,MTR-01,Induction,Assembly Line A,1505.3,398.7,10.55,6.26,78.2,69.1,2.15,74.2,91.9,None,None
2026-01-29 18:00:00,MTR-02,Induction,Assembly Line A,1487.7,397.0,10.85,6.41,78.0,73.9,2.63,75.9,90.6,None,None
2026-01-29 18:00:00,MTR-03,Servo,Robotics Cell,1851.9,400.4,8.9,5.31,70.7,64.1,1.51,73.0,90.3,None,None
2026-01-29 18:00:00,MTR-04,Servo,Robotics Cell,1789.9,395.3,8.93,5.26,71.1,68.9,1.81,71.8,90.8,None,None
2026-01-29 18:00:00,MTR-05,Synchronous,Utility Room,1212.1,402.6,13.36,8.01,85.5,71.5,3.3,78.4,91.6,None,None
2026-01-29 18:00:00,MTR-06,Induction,Packaging Line,1481.9,397.0,12.07,7.14,73.1,72.7,2.22,77.5,91.1,None,None
2026-01-29 20:24:00,MTR-01,Induction,Assembly Line A,1524.8,396.1,10.81,6.38,76.0,68.2,1.98,73.8,90.3,None,None
2026-01-29 20:24:00,MTR-02,Induction,Assembly Line A,1466.8,400.0,11.98,7.14,76.0,67.7,2.49,75.2,90.9,None,None
2026-01-29 20:24:00,MTR-03,Servo,Robotics Cell,1832.8,403.1,7.97,4.79,72.1,63.8,1.85,77.8,92.6,None,None
2026-01-29 20:24:00,MTR-04,Servo,Robotics Cell,1765.0,405.2,9.56,5.77,73.1,69.0,1.64,76.5,91.3,None,None
2026-01-29 20:24:00,MTR-05,Synchronous,Utility Room,1165.6,408.0,12.64,7.68,81.7,73.8,3.04,76.4,91.2,None,None
2026-01-29 20:24:00,MTR-06,Induction,Packaging Line,1487.4,398.0,11.26,6.68,79.1,73.0,3.14,76.9,89.4,None,None
2026-01-29 22:48:00,MTR-01,Induction,Assembly Line A,1477.4,396.4,10.2,6.02,76.5,68.6,2.04,76.0,92.8,None,None
2026-01-29 22:48:00,MTR-02,Induction,Assembly Line A,1543.9,398.5,11.66,6.92,81.8,74.8,2.36,79.3,91.0,None,None
2026-01-29 22:48:00,MTR-03,Servo,Robotics Cell,1825.9,396.6,7.4,4.37,69.9,62.2,1.61,73.7,90.5,None,None
2026-01-29 22:48:00,MTR-04,Servo,Robotics Cell,1736.9,387.1,8.52,4.91,71.1,70.1,2.11,73.0,90.2,None,None
2026-01-29 22:48:00,MTR-05,Synchronous,Utility Room,1177.2,399.2,12.78,7.6,75.7,72.8,3.07,80.5,90.5,None,None
2026-01-29 22:48:00,MTR-06,Induction,Packaging Line,1479.2,401.6,12.48,7.47,78.0,71.0,2.29,72.8,90.4,None,None
2026-01-30 01:12:00,MTR-01,Induction,Assembly Line A,1444.8,394.2,11.67,6.85,73.5,66.5,1.74,74.9,91.2,None,None
2026-01-30 01:12:00,MTR-02,Induction,Assembly Line A,1498.6,399.7,11.16,6.64,76.7,71.3,2.72,76.0,90.8,None,None
2026-01-30 01:12:00,MTR-03,Servo,Robotics Cell,1787.2,398.3,8.02,4.76,70.0,63.0,1.83,70.8,90.1,None,None
2026-01-30 01:12:00,MTR-04,Servo,Robotics Cell,1774.6,398.1,8.76,5.19,72.5,67.8,2.17,75.3,91.4,None,None
2026-01-30 01:12:00,MTR-05,Synchronous,Utility Room,1212.6,399.4,12.96,7.71,81.9,71.4,3.58,77.3,89.4,None,None
2026-01-30 01:12:00,MTR-06,Induction,Packaging Line,1490.9,402.6,12.25,7.35,77.1,72.5,2.9,75.2,90.1,None,None
2026-01-30 03:36:00,MTR-01,Induction,Assembly Line A,1509.4,396.4,10.03,5.92,73.9,69.8,2.12,73.9,90.2,None,None
2026-01-30 03:36:00,MTR-02,Induction,Assembly Line A,1524.3,397.0,11.13,6.58,76.6,71.8,2.88,78.1,90.1,None,None
2026-01-30 03:36:00,MTR-03,Servo,Robotics Cell,1831.3,397.6,7.7,4.56,69.9,64.1,1.49,77.0,91.3,None,None
2026-01-30 03:36:00,MTR-04,Servo,Robotics Cell,1731.1,396.7,8.88,5.25,71.3,72.8,1.76,74.4,91.3,None,None
2026-01-30 03:36:00,MTR-05,Synchronous,Utility Room,1204.4,395.9,12.65,7.46,82.0,71.5,3.48,77.1,89.5,None,None
2026-01-30 03:36:00,MTR-06,Induction,Packaging Line,1452.6,397.5,12.61,7.47,75.7,73.5,2.83,76.6,91.9,None,None
2026-01-30 06:00:00,MTR-01,Induction,Assembly Line A,1400.5,397.2,13.69,8.1,75.0,71.5,4.43,79.2,86.3,Electrical Overload,Low
2026-01-30 06:00:00,MTR-02,Induction,Assembly Line A,1482.5,407.2,10.72,6.5,78.4,68.1,2.29,76.5,91.4,None,None
2026-01-30 06:00:00,MTR-03,Servo,Robotics Cell,1814.5,402.5,8.56,5.13,68.6,65.4,1.67,74.5,91.6,None,None
2026-01-30 06:00:00,MTR-04,Servo,Robotics Cell,1751.4,398.9,9.55,5.67,72.1,72.3,2.45,75.0,91.2,None,None
2026-01-30 06:00:00,MTR-05,Synchronous,Utility Room,1187.4,395.4,12.61,7.43,81.9,75.0,3.16,78.1,90.8,None,None
2026-01-30 06:00:00,MTR-06,Induction,Packaging Line,1541.5,400.1,11.63,6.93,79.2,73.1,2.59,74.9,90.3,None,None
2026-01-30 08:24:00,MTR-01,Induction,Assembly Line A,1490.4,389.3,10.37,6.01,77.3,68.3,1.95,75.9,91.9,None,None
2026-01-30 08:24:00,MTR-02,Induction,Assembly Line A,1506.4,405.3,10.53,6.36,77.3,73.2,2.42,77.3,90.1,None,None
2026-01-30 08:24:00,MTR-03,Servo,Robotics Cell,1876.8,405.4,8.37,5.05,73.8,65.6,1.38,73.7,92.2,None,None
2026-01-30 08:24:00,MTR-04,Servo,Robotics Cell,1736.3,404.2,9.21,5.55,70.6,68.9,1.78,75.3,89.9,None,None
2026-01-30 08:24:00,MTR-05,Synchronous,Utility Room,1194.2,405.2,13.98,8.44,85.5,70.8,3.05,78.7,92.0,None,None
2026-01-30 08:24:00,MTR-06,Induction,Packaging Line,1552.5,398.7,11.83,7.03,76.4,74.6,2.95,76.7,89.8,None,None
2026-01-30 10:48:00,MTR-01,Induction,Assembly Line A,1423.3,398.0,11.03,6.54,68.1,66.0,2.16,76.6,91.4,None,None
2026-01-30 10:48:00,MTR-02,Induction,Assembly Line A,1522.4,392.9,11.52,6.74,76.0,69.0,2.63,77.4,91.9,None,None
2026-01-30 10:48:00,MTR-03,Servo,Robotics Cell,1806.5,409.8,8.25,5.04,72.4,67.3,1.65,74.6,91.3,None,None
2026-01-30 10:48:00,MTR-04,Servo,Robotics Cell,1768.0,408.5,9.41,5.73,70.2,71.6,2.26,77.2,92.5,None,None
2026-01-30 10:48:00,MTR-05,Synchronous,Utility Room,1235.7,400.3,13.77,8.21,81.0,74.4,2.78,78.2,91.3,None,None
2026-01-30 10:48:00,MTR-06,Induction,Packaging Line,1511.0,397.7,12.88,7.63,71.9,69.1,2.41,76.8,91.2,None,None
2026-01-30 13:12:00,MTR-01,Induction,Assembly Line A,1527.8,397.5,9.71,5.75,76.9,70.2,2.0,77.0,91.5,None,None
2026-01-30 13:12:00,MTR-02,Induction,Assembly Line A,1528.1,392.6,11.84,6.92,74.3,72.7,2.44,73.8,91.7,None,None
2026-01-30 13:12:00,MTR-03,Servo,Robotics Cell,1791.0,398.4,8.7,5.17,68.9,63.7,1.48,76.0,92.3,None,None
2026-01-30 13:12:00,MTR-04,Servo,Robotics Cell,1778.7,400.0,9.22,5.49,73.7,68.5,1.95,78.1,90.5,None,None
2026-01-30 13:12:00,MTR-05,Synchronous,Utility Room,1156.0,403.1,13.31,7.99,81.0,71.3,3.02,77.5,90.2,None,None
2026-01-30 13:12:00,MTR-06,Induction,Packaging Line,1502.6,406.1,13.04,7.89,82.2,71.2,2.66,74.9,91.3,None,None
2026-01-30 15:36:00,MTR-01,Induction,Assembly Line A,1494.5,410.2,11.33,6.93,74.7,65.0,2.11,77.1,92.1,None,None
2026-01-30 15:36:00,MTR-02,Induction,Assembly Line A,1488.9,403.2,11.16,6.7,73.5,69.7,2.52,77.8,92.6,None,None
2026-01-30 15:36:00,MTR-03,Servo,Robotics Cell,1786.2,396.0,8.27,4.88,71.2,63.9,1.36,72.9,90.8,None,None
2026-01-30 15:36:00,MTR-04,Servo,Robotics Cell,1715.8,396.3,8.74,5.16,77.8,69.9,2.01,75.0,90.2,None,None
2026-01-30 15:36:00,MTR-05,Synchronous,Utility Room,1237.8,400.1,12.6,7.51,83.2,68.5,3.36,78.2,90.8,None,None
2026-01-30 15:36:00,MTR-06,Induction,Packaging Line,1509.2,396.2,12.0,7.09,77.7,74.4,2.6,73.1,90.6,None,None
2026-01-30 18:00:00,MTR-01,Induction,Assembly Line A,1501.0,411.6,10.39,6.37,68.9,66.9,1.92,74.1,90.7,None,None
2026-01-30 18:00:00,MTR-02,Induction,Assembly Line A,1459.6,404.6,10.98,6.62,78.5,69.6,2.35,75.9,91.2,None,None
2026-01-30 18:00:00,MTR-03,Servo,Robotics Cell,1791.7,391.6,8.43,4.92,65.5,60.6,1.61,77.2,92.7,None,None
2026-01-30 18:00:00,MTR-04,Servo,Robotics Cell,1774.0,397.6,8.74,5.18,71.0,72.3,1.62,75.7,90.4,None,None
2026-01-30 18:00:00,MTR-05,Synchronous,Utility Room,1205.4,398.9,12.97,7.71,82.0,73.6,3.45,77.0,91.7,None,None
2026-01-30 18:00:00,MTR-06,Induction,Packaging Line,1516.5,402.3,13.02,7.8,75.9,69.4,2.88,78.1,91.2,None,None
2026-01-30 20:24:00,MTR-01,Induction,Assembly Line A,1485.3,397.8,11.86,7.03,76.5,67.8,2.32,75.5,91.9,None,None
2026-01-30 20:24:00,MTR-02,Induction,Assembly Line A,1452.8,403.3,11.47,6.89,80.5,72.9,2.32,73.1,91.0,None,None
2026-01-30 20:24:00,MTR-03,Servo,Robotics Cell,1792.3,394.6,8.14,4.78,64.4,66.0,1.75,72.9,92.0,None,None
2026-01-30 20:24:00,MTR-04,Servo,Robotics Cell,1732.4,400.2,7.69,4.58,70.5,68.2,2.08,72.8,92.3,None,None
2026-01-30 20:24:00,MTR-05,Synchronous,Utility Room,1267.3,407.4,14.12,8.57,75.6,71.4,3.65,77.1,90.5,None,None
2026-01-30 20:24:00,MTR-06,Induction,Packaging Line,1512.7,400.4,11.69,6.97,79.6,74.1,2.6,73.0,90.7,None,None
2026-01-30 22:48:00,MTR-01,Induction,Assembly Line A,1476.6,402.2,11.0,6.59,76.8,67.2,2.1,79.0,91.1,None,None
2026-01-30 22:48:00,MTR-02,Induction,Assembly Line A,1484.4,396.1,12.47,7.36,80.5,68.9,2.32,77.0,89.7,None,None
2026-01-30 22:48:00,MTR-03,Servo,Robotics Cell,1796.9,400.4,8.09,4.82,70.4,63.5,1.56,74.2,91.9,None,None
2026-01-30 22:48:00,MTR-04,Servo,Robotics Cell,1743.4,399.6,9.82,5.85,72.6,73.2,2.29,77.2,92.4,None,None
2026-01-30 22:48:00,MTR-05,Synchronous,Utility Room,1169.7,401.8,12.56,7.52,84.9,76.0,3.24,81.3,89.9,None,None
2026-01-30 22:48:00,MTR-06,Induction,Packaging Line,1519.4,406.7,11.39,6.9,81.5,71.0,3.09,72.9,90.8,None,None
2026-01-31 01:12:00,MTR-01,Induction,Assembly Line A,1506.9,400.1,9.49,5.65,78.3,68.6,1.45,77.6,91.4,None,None
2026-01-31 01:12:00,MTR-02,Induction,Assembly Line A,1423.0,399.5,16.49,9.81,75.9,84.7,6.26,87.4,80.6,Misalignment,Medium
2026-01-31 01:12:00,MTR-03,Servo,Robotics Cell,1831.2,403.7,7.89,4.75,66.7,63.6,1.89,72.2,92.8,None,None
2026-01-31 01:12:00,MTR-04,Servo,Robotics Cell,1782.2,400.6,9.29,5.55,72.5,65.4,2.17,72.4,90.1,None,None
2026-01-31 01:12:00,MTR-05,Synchronous,Utility Room,1205.8,397.2,12.95,7.66,81.3,71.8,2.87,74.9,90.3,None,None
2026-01-31 01:12:00,MTR-06,Induction,Packaging Line,1528.5,403.1,11.43,6.86,77.2,74.2,2.4,74.3,91.2,None,None
2026-01-31 03:36:00,MTR-01,Induction,Assembly Line A,1431.5,401.2,10.78,6.44,78.4,66.8,2.02,80.0,91.9,None,None
2026-01-31 03:36:00,MTR-02,Induction,Assembly Line A,1531.4,401.7,12.01,7.18,78.0,70.1,2.38,76.9,90.7,None,None
2026-01-31 03:36:00,MTR-03,Servo,Robotics Cell,1793.4,409.8,7.92,4.84,69.7,62.8,1.51,74.4,91.3,None,None
2026-01-31 03:36:00,MTR-04,Servo,Robotics Cell,1759.8,400.6,9.2,5.49,69.0,67.0,2.32,75.0,91.5,None,None
2026-01-31 03:36:00,MTR-05,Synchronous,Utility Room,1208.3,405.2,12.39,7.48,83.4,71.9,3.28,77.8,90.0,None,None
2026-01-31 03:36:00,MTR-06,Induction,Packaging Line,1522.1,408.0,12.24,7.44,78.6,70.6,2.87,74.9,91.5,None,None
2026-01-31 06:00:00,MTR-01,Induction,Assembly Line A,1516.4,399.1,9.67,5.75,74.0,67.3,2.2,73.3,91.2,None,None
2026-01-31 06:00:00,MTR-02,Induction,Assembly Line A,1465.3,402.9,11.99,7.19,80.8,68.9,2.67,75.0,91.0,None,None
2026-01-31 06:00:00,MTR-03,Servo,Robotics Cell,1821.6,400.1,8.77,5.23,72.0,66.0,1.55,75.7,90.8,None,None
2026-01-31 06:00:00,MTR-04,Servo,Robotics Cell,1790.7,404.4,8.66,5.22,71.7,67.7,1.85,74.0,90.3,None,None
2026-01-31 06:00:00,MTR-05,Synchronous,Utility Room,1178.2,402.2,13.2,7.91,83.8,71.7,2.96,75.3,90.4,None,None
2026-01-31 06:00:00,MTR-06,Induction,Packaging Line,1460.1,389.9,11.17,6.49,77.8,74.8,2.41,77.7,90.4,None,None
2026-01-31 08:24:00,MTR-01,Induction,Assembly Line A,1496.0,402.9,11.14,6.69,76.1,67.5,2.05,72.9,89.8,None,None
2026-01-31 08:24:00,MTR-02,Induction,Assembly Line A,1512.3,408.6,11.11,6.76,76.8,68.8,2.32,75.5,89.4,None,None
2026-01-31 08:24:00,MTR-03,Servo,Robotics Cell,1786.8,399.2,8.97,5.33,68.4,63.9,1.97,72.9,92.3,None,None
2026-01-31 08:24:00,MTR-04,Servo,Robotics Cell,1776.1,396.4,9.14,5.4,69.9,68.5,2.44,74.3,90.6,Bearing Wear,Medium
2026-01-31 08:24:00,MTR-05,Synchronous,Utility Room,1226.8,402.3,12.86,7.71,83.5,69.6,2.87,76.0,90.1,None,None
2026-01-31 08:24:00,MTR-06,Induction,Packaging Line,1556.0,402.6,12.21,7.32,80.6,73.9,2.54,78.3,91.5,None,None
2026-01-31 10:48:00,MTR-01,Induction,Assembly Line A,1508.9,407.1,11.66,7.07,79.5,65.8,1.91,75.9,93.1,None,None
2026-01-31 10:48:00,MTR-02,Induction,Assembly Line A,1511.9,401.6,11.17,6.68,71.7,71.6,2.68,74.6,90.7,None,None
2026-01-31 10:48:00,MTR-03,Servo,Robotics Cell,1826.1,403.0,8.34,5.0,65.5,62.2,1.82,77.3,91.1,None,None
2026-01-31 10:48:00,MTR-04,Servo,Robotics Cell,1724.9,402.2,9.21,5.52,73.5,69.2,2.57,78.0,89.7,Bearing Wear,Medium
2026-01-31 10:48:00,MTR-05,Synchronous,Utility Room,1261.9,396.6,14.08,8.32,80.9,75.4,3.04,78.1,91.5,None,None
2026-01-31 10:48:00,MTR-06,Induction,Packaging Line,1497.8,396.1,11.56,6.82,79.6,69.9,2.79,76.0,91.2,None,None
2026-01-31 13:12:00,MTR-01,Induction,Assembly Line A,1464.1,396.0,11.23,6.63,74.9,65.6,1.94,74.8,92.4,None,None
2026-01-31 13:12:00,MTR-02,Induction,Assembly Line A,1469.2,400.3,10.98,6.55,78.3,69.6,2.19,76.3,91.3,None,None
2026-01-31 13:12:00,MTR-03,Servo,Robotics Cell,1810.7,399.4,8.51,5.06,70.1,62.7,1.53,74.0,92.6,None,None
2026-01-31 13:12:00,MTR-04,Servo,Robotics Cell,1761.4,397.7,9.55,5.66,70.4,66.3,2.7,76.8,90.1,Bearing Wear,Medium
2026-01-31 13:12:00,MTR-05,Synchronous,Utility Room,1182.4,389.4,13.24,7.68,83.1,71.3,2.83,78.0,89.6,None,None
2026-01-31 13:12:00,MTR-06,Induction,Packaging Line,1479.5,399.0,11.57,6.88,79.1,69.9,3.12,73.6,92.3,None,None
2026-01-31 15:36:00,MTR-01,Induction,Assembly Line A,1489.1,396.9,10.82,6.4,74.5,67.3,1.93,76.4,90.2,None,None
2026-01-31 15:36:00,MTR-02,Induction,Assembly Line A,1446.8,397.2,11.28,6.67,74.8,69.8,2.52,78.6,91.6,None,None
2026-01-31 15:36:00,MTR-03,Servo,Robotics Cell,1786.5,400.6,7.58,4.52,70.8,60.7,1.76,75.4,91.3,None,None
2026-01-31 15:36:00,MTR-04,Servo,Robotics Cell,1705.8,398.2,9.19,5.45,71.1,67.2,2.6,78.4,90.5,Bearing Wear,Medium
2026-01-31 15:36:00,MTR-05,Synchronous,Utility Room,1188.8,399.7,12.55,7.47,79.4,73.9,3.15,77.7,91.0,None,None
2026-01-31 15:36:00,MTR-06,Induction,Packaging Line,1534.3,402.8,12.91,7.75,76.7,69.6,2.66,74.9,89.7,None,None
2026-01-31 18:00:00,MTR-01,Induction,Assembly Line A,1457.8,392.8,11.17,6.53,71.6,69.5,1.99,71.5,91.8,None,None
2026-01-31 18:00:00,MTR-02,Induction,Assembly Line A,1507.9,396.4,11.97,7.07,76.7,70.2,2.15,76.8,91.2,None,None
2026-01-31 18:00:00,MTR-03,Servo,Robotics Cell,1836.9,402.7,6.77,4.06,71.9,63.0,1.73,73.5,91.6,None,None
2026-01-31 18:00:00,MTR-04,Servo,Robotics Cell,1764.1,399.5,8.95,5.33,72.3,68.7,2.41,76.8,90.3,Bearing Wear,Medium
2026-01-31 18:00:00,MTR-05,Synchronous,Utility Room,1226.8,403.1,12.91,7.75,77.3,73.2,3.41,79.2,90.2,None,None
2026-01-31 18:00:00,MTR-06,Induction,Packaging Line,1505.1,408.9,13.15,8.01,79.0,76.9,3.18,80.6,91.1,None,None
2026-01-31 20:24:00,MTR-01,Induction,Assembly Line A,1450.2,394.8,10.56,6.21,78.2,67.1,1.84,76.1,91.0,None,None
2026-01-31 20:24:00,MTR-02,Induction,Assembly Line A,1469.9,402.7,11.48,6.88,71.8,70.7,2.59,73.9,90.4,None,None
2026-01-31 20:24:00,MTR-03,Servo,Robotics Cell,1783.7,406.8,8.82,5.34,66.7,63.2,1.55,69.1,91.3,None,None
2026-01-31 20:24:00,MTR-04,Servo,Robotics Cell,1707.6,402.5,9.64,5.78,72.2,74.7,2.47,77.1,92.1,Bearing Wear,Medium
2026-01-31 20:24:00,MTR-05,Synchronous,Utility Room,1191.3,406.6,12.8,7.75,77.8,71.4,2.95,76.2,90.6,None,None
2026-01-31 20:24:00,MTR-06,Induction,Packaging Line,1510.0,400.7,12.41,7.41,76.9,70.6,2.36,77.1,90.4,None,None
2026-01-31 22:48:00,MTR-01,Induction,Assembly Line A,1455.5,396.1,9.89,5.84,73.5,67.9,1.91,70.7,90.9,None,None
2026-01-31 22:48:00,MTR-02,Induction,Assembly Line A,1456.1,400.6,11.7,6.98,81.6,71.5,2.2,75.9,92.2,None,None
2026-01-31 22:48:00,MTR-03,Servo,Robotics Cell,1824.3,403.1,8.97,5.39,68.6,63.4,2.17,74.6,90.6,None,None
2026-01-31 22:48:00,MTR-04,Servo,Robotics Cell,1746.7,394.9,10.57,6.22,68.1,68.3,2.75,75.9,89.8,Bearing Wear,Medium
2026-01-31 22:48:00,MTR-05,Synchronous,Utility Room,1195.9,411.2,12.55,7.69,78.7,75.3,3.45,76.5,90.4,None,None
2026-01-31 22:48:00,MTR-06,Induction,Packaging Line,1499.6,405.0,11.91,7.18,75.2,73.5,2.75,76.2,91.0,None,None
2026-02-01 01:12:00,MTR-01,Induction,Assembly Line A,1427.3,393.5,11.41,6.69,69.9,69.8,1.81,73.9,91.7,None,None
2026-02-01 01:12:00,MTR-02,Induction,Assembly Line A,1499.4,395.5,11.9,7.01,77.7,70.1,2.64,74.9,90.9,None,None
2026-02-01 01:12:00,MTR-03,Servo,Robotics Cell,1836.6,395.7,8.04,4.74,73.0,63.1,1.49,75.7,92.0,None,None
2026-02-01 01:12:00,MTR-04,Servo,Robotics Cell,1784.6,398.0,9.15,5.43,72.8,72.9,2.59,77.6,90.3,Bearing Wear,Medium
2026-02-01 01:12:00,MTR-05,Synchronous,Utility Room,1200.0,400.1,12.32,7.34,80.4,76.5,3.04,77.3,90.2,None,None
2026-02-01 01:12:00,MTR-06,Induction,Packaging Line,1533.8,404.5,11.26,6.78,76.5,68.7,2.57,78.9,91.0,None,None
2026-02-01 03:36:00,MTR-01,Induction,Assembly Line A,1467.1,407.0,10.56,6.4,75.7,67.6,2.28,78.8,90.9,None,None
2026-02-01 03:36:00,MTR-02,Induction,Assembly Line A,1503.8,397.4,10.76,6.37,75.4,73.3,3.12,76.8,90.1,None,None
2026-02-01 03:36:00,MTR-03,Servo,Robotics Cell,1853.7,393.9,7.44,4.36,68.8,61.2,1.6,76.4,91.1,None,None
2026-02-01 03:36:00,MTR-04,Servo,Robotics Cell,1683.9,402.3,9.85,5.91,68.2,70.3,2.77,74.3,89.7,Bearing Wear,Medium
2026-02-01 03:36:00,MTR-05,Synchronous,Utility Room,1199.9,399.9,13.64,8.13,80.4,72.8,3.28,77.2,90.8,None,None
2026-02-01 03:36:00,MTR-06,Induction,Packaging Line,1490.8,396.6,12.51,7.39,75.5,73.2,2.44,77.8,91.3,None,None
2026-02-01 06:00:00,MTR-01,Induction,Assembly Line A,1432.4,404.6,10.24,6.17,76.5,67.5,1.94,73.3,90.6,None,None
2026-02-01 06:00:00,MTR-02,Induction,Assembly Line A,1527.6,394.5,11.43,6.72,78.9,70.7,2.72,75.4,89.9,None,None
2026-02-01 06:00:00,MTR-03,Servo,Robotics Cell,1836.0,397.9,7.91,4.69,68.2,60.9,1.46,76.3,91.6,None,None
2026-02-01 06:00:00,MTR-04,Servo,Robotics Cell,1735.7,399.8,10.59,6.31,68.7,69.6,3.24,79.2,89.1,Bearing Wear,Medium
2026-02-01 06:00:00,MTR-05,Synchronous,Utility Room,1209.0,399.3,13.1,7.79,83.0,72.2,3.11,77.1,90.2,None,None
2026-02-01 06:00:00,MTR-06,Induction,Packaging Line,1519.5,400.7,11.06,6.6,77.0,71.6,2.86,79.2,90.4,None,None
2026-02-01 08:24:00,MTR-01,Induction,Assembly Line A,1471.4,400.3,11.11,6.63,74.8,65.6,2.18,76.5,93.1,None,None
2026-02-01 08:24:00,MTR-02,Induction,Assembly Line A,1487.7,401.8,11.24,6.73,81.1,68.8,2.76,76.7,91.3,None,None
2026-02-01 08:24:00,MTR-03,Servo,Robotics Cell,1803.6,406.4,8.97,5.43,69.2,63.4,1.23,78.3,91.8,None,None
2026-02-01 08:24:00,MTR-04,Servo,Robotics Cell,1701.7,400.3,9.68,5.77,69.8,73.5,2.78,76.1,89.3,Bearing Wear,Medium
2026-02-01 08:24:00,MTR-05,Synchronous,Utility Room,1249.9,397.3,13.57,8.03,81.9,68.9,3.31,74.6,90.0,None,None
2026-02-01 08:24:00,MTR-06,Induction,Packaging Line,1518.2,400.4,12.33,7.36,82.7,69.3,2.8,75.1,90.8,None,None
2026-02-01 10:48:00,MTR-01,Induction,Assembly Line A,1496.5,403.7,10.51,6.32,76.0,66.6,2.14,73.5,91.0,None,None
2026-02-01 10:48:00,MTR-02,Induction,Assembly Line A,1474.5,400.7,11.19,6.68,77.7,71.7,2.45,74.2,91.0,None,None
2026-02-01 10:48:00,MTR-03,Servo,Robotics Cell,1839.7,405.9,7.84,4.74,70.7,63.9,1.3,75.4,91.5,None,None
2026-02-01 10:48:00,MTR-04,Servo,Robotics Cell,1740.7,403.4,10.24,6.16,71.8,71.8,3.08,74.9,89.3,Bearing Wear,Medium
2026-02-01 10:48:00,MTR-05,Synchronous,Utility Room,1178.8,397.8,13.6,8.06,83.2,70.6,3.09,76.5,91.2,None,None
2026-02-01 10:48:00,MTR-06,Induction,Packaging Line,1502.2,394.3,12.08,7.1,79.2,73.2,2.74,76.2,91.8,None,None
2026-02-01 13:12:00,MTR-01,Induction,Assembly Line A,1458.1,391.7,9.75,5.69,74.0,65.0,1.67,74.7,90.5,None,None
2026-02-01 13:12:00,MTR-02,Induction,Assembly Line A,1501.0,402.1,11.68,6.99,81.5,70.0,2.32,76.5,90.8,None,None
2026-02-01 13:12:00,MTR-03,Servo,Robotics Cell,1813.0,396.1,8.63,5.09,70.1,66.0,1.46,75.2,91.8,None,None
2026-02-01 13:12:00,MTR-04,Servo,Robotics Cell,1763.9,401.6,10.16,6.08,72.5,73.7,3.03,78.6,88.6,Bearing Wear,Medium
2026-02-01 13:12:00,MTR-05,Synchronous,Utility Room,1229.3,397.3,13.33,7.89,79.9,70.6,3.19,81.8,90.7,None,None
2026-02-01 13:12:00,MTR-06,Induction,Packaging Line,1428.9,397.6,16.18,9.58,74.3,88.8,7.39,89.3,79.9,Electrical Overload,High
2026-02-01 15:36:00,MTR-01,Induction,Assembly Line A,1462.7,406.0,11.16,6.75,77.2,67.3,1.88,74.2,91.5,None,None
2026-02-01 15:36:00,MTR-02,Induction,Assembly Line A,1507.7,401.7,11.45,6.85,78.5,68.0,2.45,76.2,91.2,None,None
2026-02-01 15:36:00,MTR-03,Servo,Robotics Cell,1783.6,396.5,7.02,4.15,65.5,65.8,1.69,74.1,90.0,None,None
2026-02-01 15:36:00,MTR-04,Servo,Robotics Cell,1726.7,406.2,11.47,6.94,70.5,73.7,3.57,75.6,87.6,Bearing Wear,Medium
2026-02-01 15:36:00,MTR-05,Synchronous,Utility Room,1158.9,406.5,13.37,8.1,78.2,70.4,2.85,77.2,91.3,None,None
2026-02-01 15:36:00,MTR-06,Induction,Packaging Line,1470.6,395.1,12.42,7.31,77.6,70.7,2.78,76.2,90.8,None,None
2026-02-01 18:00:00,MTR-01,Induction,Assembly Line A,1476.0,390.9,10.92,6.36,76.3,68.7,1.93,78.3,90.7,None,None
2026-02-01 18:00:00,MTR-02,Induction,Assembly Line A,1470.6,396.9,12.3,7.27,77.4,71.7,2.4,75.8,90.9,None,None
2026-02-01 18:00:00,MTR-03,Servo,Robotics Cell,1875.2,396.9,8.68,5.13,68.3,62.4,1.61,76.4,91.3,None,None
2026-02-01 18:00:00,MTR-04,Servo,Robotics Cell,1736.8,397.8,9.55,5.66,71.8,74.5,3.8,80.9,89.2,Bearing Wear,Medium
2026-02-01 18:00:00,MTR-05,Synchronous,Utility Room,1197.4,395.8,12.94,7.63,81.6,75.5,2.75,75.9,91.3,None,None
2026-02-01 18:00:00,MTR-06,Induction,Packaging Line,1528.0,407.3,11.89,7.21,73.7,70.6,2.57,79.0,91.4,None,None
2026-02-01 20:24:00,MTR-01,Induction,Assembly Line A,1472.2,399.5,10.86,6.46,74.0,68.8,2.34,75.0,91.9,None,None
2026-02-01 20:24:00,MTR-02,Induction,Assembly Line A,1561.0,400.9,11.86,7.08,66.3,67.3,2.38,78.2,91.3,None,None
2026-02-01 20:24:00,MTR-03,Servo,Robotics Cell,1821.3,404.9,7.82,4.72,68.8,65.8,1.67,75.0,91.6,None,None
2026-02-01 20:24:00,MTR-04,Servo,Robotics Cell,1710.4,398.9,11.7,6.95,69.1,72.1,3.23,80.8,89.1,Bearing Wear,Medium
2026-02-01 20:24:00,MTR-05,Synchronous,Utility Room,1227.0,404.6,13.38,8.06,84.4,71.2,2.99,77.7,89.7,None,None
2026-02-01 20:24:00,MTR-06,Induction,Packaging Line,1486.8,401.0,11.98,7.16,78.6,72.2,2.66,78.9,91.4,None,None
2026-02-01 22:48:00,MTR-01,Induction,Assembly Line A,1453.7,404.9,12.02,7.25,77.1,67.1,1.45,74.0,92.2,None,None
2026-02-01 22:48:00,MTR-02,Induction,Assembly Line A,1543.7,391.0,12.34,7.18,78.4,65.3,2.73,76.0,89.4,None,None
2026-02-01 22:48:00,MTR-03,Servo,Robotics Cell,1807.6,404.3,8.09,4.87,67.2,60.6,1.18,71.1,92.0,None,None
2026-02-01 22:48:00,MTR-04,Servo,Robotics Cell,1725.1,396.3,10.67,6.3,77.0,75.0,3.22,81.0,88.1,Bearing Wear,Medium
2026-02-01 22:48:00,MTR-05,Synchronous,Utility Room,1193.4,401.6,13.85,8.29,82.3,75.8,3.49,74.1,90.4,None,None
2026-02-01 22:48:00,MTR-06,Induction,Packaging Line,1463.8,399.6,12.08,7.19,79.6,72.4,2.27,75.9,91.2,None,None
2026-02-02 01:12:00,MTR-01,Induction,Assembly Line A,1503.2,402.2,11.47,6.87,75.0,69.0,2.38,75.6,91.9,None,None
2026-02-02 01:12:00,MTR-02,Induction,Assembly Line A,1500.2,402.6,11.27,6.76,72.3,67.0,2.67,79.1,91.8,None,None
2026-02-02 01:12:00,MTR-03,Servo,Robotics Cell,1823.8,399.7,8.44,5.03,74.1,63.6,0.92,73.6,91.8,None,None
2026-02-02 01:12:00,MTR-04,Servo,Robotics Cell,1739.7,398.0,11.04,6.54,67.1,72.6,3.05,78.8,87.7,Bearing Wear,Medium
2026-02-02 01:12:00,MTR-05,Synchronous,Utility Room,1249.9,407.3,12.75,7.74,83.4,72.0,2.91,76.8,90.5,None,None
2026-02-02 01:12:00,MTR-06,Induction,Packaging Line,1531.3,399.7,12.37,7.37,79.3,70.9,2.74,77.8,90.8,None,None
2026-02-02 03:36:00,MTR-01,Induction,Assembly Line A,1522.8,401.0,11.24,6.71,77.1,67.5,1.85,75.0,92.3,None,None
2026-02-02 03:36:00,MTR-02,Induction,Assembly Line A,1466.3,392.8,11.52,6.74,75.9,71.0,2.14,77.4,91.4,None,None
2026-02-02 03:36:00,MTR-03,Servo,Robotics Cell,1781.8,398.4,7.34,4.36,73.5,66.0,1.85,74.8,91.7,None,None
2026-02-02 03:36:00,MTR-04,Servo,Robotics Cell,1727.1,389.0,10.62,6.15,69.1,74.0,3.6,78.7,87.6,Bearing Wear,Medium
2026-02-02 03:36:00,MTR-05,Synchronous,Utility Room,1126.7,392.8,12.63,7.39,78.7,71.1,3.15,75.3,89.8,None,None
2026-02-02 03:36:00,MTR-06,Induction,Packaging Line,1529.9,405.6,13.28,8.02,79.9,72.6,2.58,77.3,91.2,None,None
2026-02-02 06:00:00,MTR-01,Induction,Assembly Line A,1469.0,408.0,10.68,6.49,74.8,64.1,2.47,76.2,91.3,None,None
2026-02-02 06:00:00,MTR-02,Induction,Assembly Line A,1435.4,398.5,11.5,6.83,78.0,70.6,2.59,76.4,90.8,None,None
2026-02-02 06:00:00,MTR-03,Servo,Robotics Cell,1852.4,402.1,8.01,4.8,72.9,64.7,1.8,73.9,91.3,None,None
2026-02-02 06:00:00,MTR-04,Servo,Robotics Cell,1727.8,398.5,10.4,6.18,70.7,74.3,3.72,79.4,89.2,Bearing Wear,Medium
2026-02-02 06:00:00,MTR-05,Synchronous,Utility Room,1184.5,397.3,13.58,8.04,80.7,70.5,3.01,76.2,91.2,None,None
2026-02-02 06:00:00,MTR-06,Induction,Packaging Line,1462.8,406.8,13.02,7.89,80.1,72.3,2.85,76.0,90.9,None,None
2026-02-02 08:24:00,MTR-01,Induction,Assembly Line A,1459.8,405.2,11.1,6.7,73.6,67.8,2.04,74.7,92.0,None,None
2026-02-02 08:24:00,MTR-02,Induction,Assembly Line A,1487.3,401.4,11.4,6.82,77.4,69.2,2.63,75.0,91.3,None,None
2026-02-02 08:24:00,MTR-03,Servo,Robotics Cell,1799.0,398.8,8.39,4.99,71.4,64.2,1.47,77.6,91.8,None,None
2026-02-02 08:24:00,MTR-04,Servo,Robotics Cell,1718.1,396.3,10.46,6.17,68.5,75.3,3.56,78.9,86.9,Bearing Wear,Medium
2026-02-02 08:24:00,MTR-05,Synchronous,Utility Room,1167.7,399.8,12.88,7.67,80.7,70.1,3.08,80.3,90.0,None,None
2026-02-02 08:24:00,MTR-06,Induction,Packaging Line,1530.2,402.8,12.49,7.5,78.3,72.7,2.44,77.9,92.2,None,None
2026-02-02 10:48:00,MTR-01,Induction,Assembly Line A,1492.2,402.8,11.06,6.64,74.5,68.1,1.92,76.4,91.3,None,None
2026-02-02 10:48:00,MTR-02,Induction,Assembly Line A,1480.8,397.7,10.59,6.28,82.0,71.0,2.56,77.5,90.6,None,None
2026-02-02 10:48:00,MTR-03,Servo,Robotics Cell,1807.4,399.6,7.51,4.47,69.3,63.0,1.23,75.5,91.8,None,None
2026-02-02 10:48:00,MTR-04,Servo,Robotics Cell,1675.2,396.0,11.56,6.82,75.6,74.7,4.2,81.5,87.5,Bearing Wear,Medium
2026-02-02 10:48:00,MTR-05,Synchronous,Utility Room,1159.1,396.5,12.95,7.65,82.3,71.6,3.04,74.2,90.2,None,None
2026-02-02 10:48:00,MTR-06,Induction,Packaging Line,1484.3,399.9,11.65,6.94,82.5,73.8,3.11,76.2,91.7,None,None
2026-02-02 13:12:00,MTR-01,Induction,Assembly Line A,1531.6,392.2,11.07,6.47,76.7,64.3,1.97,74.2,89.8,None,None
2026-02-02 13:12:00,MTR-02,Induction,Assembly Line A,1465.5,395.5,10.55,6.21,81.8,73.1,2.84,77.1,90.4,None,None
2026-02-02 13:12:00,MTR-03,Servo,Robotics Cell,1841.3,394.9,8.31,4.89,69.7,64.6,1.15,75.4,90.4,None,None
2026-02-02 13:12:00,MTR-04,Servo,Robotics Cell,1719.9,398.3,11.16,6.62,68.8,77.5,3.88,79.2,87.3,Bearing Wear,Medium
2026-02-02 13:12:00,MTR-05,Synchronous,Utility Room,1190.1,401.3,12.77,7.63,81.2,73.0,2.72,78.8,90.9,None,None
2026-02-02 13:12:00,MTR-06,Induction,Packaging Line,1513.6,403.3,11.54,6.93,79.7,71.6,3.24,75.5,91.5,None,None
2026-02-02 15:36:00,MTR-01,Induction,Assembly Line A,1416.2,403.8,11.59,6.97,80.0,70.1,2.09,75.1,92.2,None,None
2026-02-02 15:36:00,MTR-02,Induction,Assembly Line A,1482.5,406.5,11.86,7.18,72.7,74.3,2.56,75.3,90.6,None,None
2026-02-02 15:36:00,MTR-03,Servo,Robotics Cell,1860.1,394.8,7.29,4.29,65.1,63.6,1.5,71.5,91.9,None,None
2026-02-02 15:36:00,MTR-04,Servo,Robotics Cell,1735.9,399.8,11.16,6.64,78.0,76.0,3.59,80.9,86.4,Bearing Wear,Medium
2026-02-02 15:36:00,MTR-05,Synchronous,Utility Room,1190.8,397.2,13.95,8.26,80.8,75.7,2.93,77.0,91.4,None,None
2026-02-02 15:36:00,MTR-06,Induction,Packaging Line,1516.2,407.9,12.3,7.48,82.8,72.7,3.1,75.9,90.1,None,None
2026-02-02 18:00:00,MTR-01,Induction,Assembly Line A,1448.6,400.9,11.04,6.59,79.4,64.1,2.12,79.1,91.7,None,None
2026-02-02 18:00:00,MTR-02,Induction,Assembly Line A,1522.0,402.7,11.51,6.9,77.7,68.6,2.56,77.8,91.3,None,None
2026-02-02 18:00:00,MTR-03,Servo,Robotics Cell,1803.9,403.6,8.91,5.36,73.7,65.4,1.56,69.8,91.8,None,None
2026-02-02 18:00:00,MTR-04,Servo,Robotics Cell,1723.7,395.1,10.59,6.23,72.4,77.6,3.95,79.4,86.8,Bearing Wear,Medium
2026-02-02 18:00:00,MTR-05,Synchronous,Utility Room,1221.9,397.5,13.43,7.95,83.4,72.4,2.8,75.4,90.2,None,None
2026-02-02 18:00:00,MTR-06,Induction,Packaging Line,1535.0,396.6,12.21,7.21,77.6,69.4,2.72,75.2,90.3,None,None
2026-02-02 20:24:00,MTR-01,Induction,Assembly Line A,1472.9,401.7,10.35,6.19,78.2,65.7,2.32,77.5,90.6,None,None
2026-02-02 20:24:00,MTR-02,Induction,Assembly Line A,1514.3,385.9,11.71,6.73,76.1,75.0,2.12,75.6,91.0,None,None
2026-02-02 20:24:00,MTR-03,Servo,Robotics Cell,1833.0,394.6,7.91,4.65,69.0,66.9,1.25,72.1,92.2,None,None
2026-02-02 20:24:00,MTR-04,Servo,Robotics Cell,1735.5,397.8,11.53,6.83,70.9,76.0,4.2,81.8,87.1,Bearing Wear,Medium
2026-02-02 20:24:00,MTR-05,Synchronous,Utility Room,1221.0,402.0,13.43,8.04,79.1,72.9,3.2,78.1,89.7,None,None
2026-02-02 20:24:00,MTR-06,Induction,Packaging Line,1477.5,403.5,12.19,7.33,78.1,69.5,2.84,74.8,91.4,None,None
2026-02-02 22:48:00,MTR-01,Induction,Assembly Line A,1484.5,402.1,11.35,6.8,73.7,67.6,2.35,75.6,91.7,None,None
2026-02-02 22:48:00,MTR-02,Induction,Assembly Line A,1503.2,400.7,11.94,7.13,73.0,70.5,3.29,76.3,91.1,None,None
2026-02-02 22:48:00,MTR-03,Servo,Robotics Cell,1862.8,402.1,7.99,4.79,72.3,61.4,2.11,74.2,92.5,None,None
2026-02-02 22:48:00,MTR-04,Servo,Robotics Cell,1693.3,397.0,11.94,7.06,67.5,72.7,3.75,82.9,87.2,Bearing Wear,Medium
2026-02-02 22:48:00,MTR-05,Synchronous,Utility Room,1231.0,407.4,12.01,7.29,84.6,75.3,3.12,79.0,91.0,None,None
2026-02-02 22:48:00,MTR-06,Induction,Packaging Line,1507.5,411.5,11.58,7.1,76.9,71.9,2.9,74.7,89.8,None,None
2026-02-03 01:12:00,MTR-01,Induction,Assembly Line A,1488.2,403.2,9.92,5.96,78.4,66.0,2.31,75.5,90.0,None,None
2026-02-03 01:12:00,MTR-02,Induction,Assembly Line A,1522.1,394.0,10.31,6.05,72.7,70.5,2.84,76.1,90.8,None,None
2026-02-03 01:12:00,MTR-03,Servo,Robotics Cell,1805.6,406.5,9.0,5.45,70.7,60.1,1.74,74.0,90.8,None,None
2026-02-03 01:12:00,MTR-04,Servo,Robotics Cell,1717.3,395.8,11.48,6.77,70.3,76.7,3.95,79.5,85.8,Bearing Wear,Medium
2026-02-03 01:12:00,MTR-05,Synchronous,Utility Room,1161.8,399.5,13.48,8.02,78.3,72.1,3.26,77.1,90.2,None,None
2026-02-03 01:12:00,MTR-06,Induction,Packaging Line,1500.4,399.0,12.5,7.43,79.0,70.0,2.68,73.7,91.1,None,None
2026-02-03 03:36:00,MTR-01,Induction,Assembly Line A,1514.5,399.6,10.91,6.5,77.8,69.6,1.78,73.2,91.2,None,None
2026-02-03 03:36:00,MTR-02,Induction,Assembly Line A,1508.5,392.0,12.12,7.08,78.6,71.9,2.78,77.1,91.5,None,None
2026-02-03 03:36:00,MTR-03,Servo,Robotics Cell,1806.9,396.4,7.93,4.68,74.5,63.4,1.35,77.0,91.9,None,None
2026-02-03 03:36:00,MTR-04,Servo,Robotics Cell,1681.3,401.0,11.48,6.86,68.2,75.7,4.42,81.5,86.4,Bearing Wear,Medium
2026-02-03 03:36:00,MTR-05,Synchronous,Utility Room,1205.7,391.2,12.77,7.44,82.8,68.9,2.95,79.4,89.8,None,None
2026-02-03 03:36:00,MTR-06,Induction,Packaging Line,1477.9,399.1,11.3,6.72,76.7,71.1,3.07,75.8,89.9,None,None
2026-02-03 06:00:00,MTR-01,Induction,Assembly Line A,1428.3,403.7,10.47,6.3,78.1,66.8,1.54,73.8,91.3,None,None
2026-02-03 06:00:00,MTR-02,Induction,Assembly Line A,1439.1,393.2,11.1,6.5,80.2,70.3,2.6,76.6,91.8,None,None
2026-02-03 06:00:00,MTR-03,Servo,Robotics Cell,1804.6,407.9,7.88,4.79,71.5,63.2,1.78,72.0,92.0,None,None
2026-02-03 06:00:00,MTR-04,Servo,Robotics Cell,1672.1,396.0,11.83,6.98,66.9,74.6,4.08,82.3,85.1,Bearing Wear,Medium
2026-02-03 06:00:00,MTR-05,Synchronous,Utility Room,1240.7,400.6,13.67,8.16,83.8,70.1,2.71,77.3,90.9,None,None
2026-02-03 06:00:00,MTR-06,Induction,Packaging Line,1473.7,403.0,11.2,6.73,76.1,72.1,2.71,75.4,91.0,None,None
2026-02-03 08:24:00,MTR-01,Induction,Assembly Line A,1521.4,396.9,10.42,6.16,79.1,70.3,2.05,74.0,91.2,None,None
2026-02-03 08:24:00,MTR-02,Induction,Assembly Line A,1496.7,396.2,11.4,6.73,75.8,71.1,1.65,80.3,91.4,None,None
2026-02-03 08:24:00,MTR-03,Servo,Robotics Cell,1844.9,405.8,8.14,4.92,71.5,62.0,2.13,71.5,90.5,None,None
2026-02-03 08:24:00,MTR-04,Servo,Robotics Cell,1736.7,394.4,12.52,7.36,67.6,77.1,4.58,81.8,83.6,Bearing Wear,Medium
2026-02-03 08:24:00,MTR-05,Synchronous,Utility Room,1205.4,400.7,13.13,7.84,79.9,72.4,2.89,77.7,90.8,None,None
2026-02-03 08:24:00,MTR-06,Induction,Packaging Line,1490.4,398.3,11.72,6.95,74.0,72.8,2.84,71.7,91.1,None,None
2026-02-03 10:48:00,MTR-01,Induction,Assembly Line A,1452.1,399.8,10.85,6.46,78.8,65.8,1.99,75.0,92.1,None,None
2026-02-03 10:48:00,MTR-02,Induction,Assembly Line A,1480.3,400.6,11.23,6.7,78.8,73.6,2.47,76.3,91.8,None,None
2026-02-03 10:48:00,MTR-03,Servo,Robotics Cell,1825.3,404.5,7.1,4.28,66.8,62.7,1.13,75.6,90.5,None,None
2026-02-03 10:48:00,MTR-04,Servo,Robotics Cell,1704.5,398.8,11.0,6.53,72.3,77.3,4.3,82.8,85.2,Bearing Wear,Medium
2026-02-03 10:48:00,MTR-05,Synchronous,Utility Room,1228.8,403.0,12.63,7.58,84.2,72.8,2.87,77.4,90.0,None,None
2026-02-03 10:48:00,MTR-06,Induction,Packaging Line,1507.0,398.4,12.28,7.29,74.5,72.9,2.51,74.9,90.9,None,None
2026-02-03 13:12:00,MTR-01,Induction,Assembly Line A,1469.0,403.0,10.48,6.29,79.4,68.7,1.98,73.3,90.6,None,None
2026-02-03 13:12:00,MTR-02,Induction,Assembly Line A,1521.1,411.4,11.67,7.15,76.6,70.9,2.54,78.4,90.6,None,None
2026-02-03 13:12:00,MTR-03,Servo,Robotics Cell,1849.7,399.3,8.51,5.06,71.6,64.6,1.55,72.2,91.9,None,None
2026-02-03 13:12:00,MTR-04,Servo,Robotics Cell,1736.2,399.2,12.54,7.46,72.6,77.1,5.36,80.4,84.7,Bearing Wear,Medium
2026-02-03 13:12:00,MTR-05,Synchronous,Utility Room,1232.3,404.7,13.05,7.87,83.6,71.9,3.54,76.9,89.7,None,None
2026-02-03 13:12:00,MTR-06,Induction,Packaging Line,1547.7,393.2,11.81,6.92,75.8,70.6,3.2,75.4,90.5,None,None
2026-02-03 15:36:00,MTR-01,Induction,Assembly Line A,1520.9,397.7,10.96,6.49,73.7,72.0,1.74,71.6,92.2,None,None
2026-02-03 15:36:00,MTR-02,Induction,Assembly Line A,1456.9,397.7,11.47,6.79,80.7,73.9,2.63,74.4,90.5,None,None
2026-02-03 15:36:00,MTR-03,Servo,Robotics Cell,1828.7,394.7,8.58,5.04,72.3,63.7,1.48,73.7,91.1,None,None
2026-02-03 15:36:00,MTR-04,Servo,Robotics Cell,1725.8,399.2,12.53,7.45,65.2,74.3,5.13,82.5,85.7,Bearing Wear,Medium
2026-02-03 15:36:00,MTR-05,Synchronous,Utility Room,1242.2,401.1,13.19,7.88,75.6,75.4,2.72,76.1,90.0,None,None
2026-02-03 15:36:00,MTR-06,Induction,Packaging Line,1517.6,396.0,12.54,7.4,77.9,72.2,2.91,75.8,91.1,None,None
2026-02-03 18:00:00,MTR-01,Induction,Assembly Line A,1458.6,401.2,10.28,6.14,74.9,67.4,2.11,73.2,90.8,None,None
2026-02-03 18:00:00,MTR-02,Induction,Assembly Line A,1490.8,398.0,12.12,7.18,75.4,68.9,2.6,80.1,91.1,None,None
2026-02-03 18:00:00,MTR-03,Servo,Robotics Cell,1792.2,398.5,9.09,5.39,67.1,65.6,1.19,76.6,92.5,None,None
2026-02-03 18:00:00,MTR-04,Servo,Robotics Cell,1710.3,394.4,12.56,7.38,69.8,78.9,4.9,81.2,84.6,Bearing Wear,Medium
2026-02-03 18:00:00,MTR-05,Synchronous,Utility Room,1184.4,404.1,13.41,8.07,83.3,73.8,2.99,75.8,90.7,None,None
2026-02-03 18:00:00,MTR-06,Induction,Packaging Line,1513.3,400.0,11.75,7.0,78.7,70.8,2.76,77.9,90.4,None,None
2026-02-03 20:24:00,MTR-01,Induction,Assembly Line A,1463.2,400.5,10.58,6.31,79.3,67.3,2.0,73.8,91.8,None,None
2026-02-03 20:24:00,MTR-02,Induction,Assembly Line A,1476.8,393.7,11.89,6.97,76.9,72.8,2.42,75.3,90.3,None,None
2026-02-03 20:24:00,MTR-03,Servo,Robotics Cell,1818.0,405.1,9.08,5.48,69.0,62.2,2.04,70.2,91.3,None,None
2026-02-03 20:24:00,MTR-04,Servo,Robotics Cell,1715.4,401.3,12.42,7.43,62.8,76.4,4.92,88.0,85.6,Bearing Wear,Medium
2026-02-03 20:24:00,MTR-05,Synchronous,Utility Room,1180.3,394.6,13.31,7.82,81.8,71.8,3.08,76.8,90.3,None,None
2026-02-03 20:24:00,MTR-06,Induction,Packaging Line,1520.0,392.3,11.49,6.72,75.4,69.3,2.71,74.8,90.5,None,None
2026-02-03 22:48:00,MTR-01,Induction,Assembly Line A,1488.6,398.9,11.0,6.54,78.8,70.6,2.13,71.8,91.6,None,None
2026-02-03 22:48:00,MTR-02,Induction,Assembly Line A,1461.7,408.5,11.76,7.15,78.0,71.8,2.72,77.4,90.7,None,None
2026-02-03 22:48:00,MTR-03,Servo,Robotics Cell,1856.4,404.3,7.46,4.49,72.6,65.4,1.73,71.2,90.1,None,None
2026-02-03 22:48:00,MTR-04,Servo,Robotics Cell,1701.6,401.0,12.33,7.36,73.1,78.1,4.9,84.5,83.5,Bearing Wear,Medium
2026-02-03 22:48:00,MTR-05,Synchronous,Utility Room,1255.0,403.4,14.08,8.46,82.8,71.3,2.7,77.2,91.2,None,None
2026-02-03 22:48:00,MTR-06,Induction,Packaging Line,1478.5,403.4,12.26,7.37,76.5,72.1,2.62,72.7,90.6,None,None
2026-02-04 01:12:00,MTR-01,Induction,Assembly Line A,1502.9,396.9,9.98,5.9,71.0,68.1,1.56,74.6,92.2,None,None
2026-02-04 01:12:00,MTR-02,Induction,Assembly Line A,1502.3,401.5,11.29,6.75,78.6,68.5,2.54,75.6,89.7,None,None
2026-02-04 01:12:00,MTR-03,Servo,Robotics Cell,1784.0,399.1,8.4,4.99,69.2,63.7,1.21,77.6,92.2,None,None
2026-02-04 01:12:00,MTR-04,Servo,Robotics Cell,1696.7,392.5,13.14,7.68,68.4,76.5,4.91,82.7,85.6,Bearing Wear,Medium
2026-02-04 01:12:00,MTR-05,Synchronous,Utility Room,1129.0,405.6,13.38,8.09,83.5,70.1,3.28,77.5,90.9,None,None
2026-02-04 01:12:00,MTR-06,Induction,Packaging Line,1527.4,401.5,12.69,7.59,77.8,70.8,2.55,78.3,91.0,None,None
2026-02-04 03:36:00,MTR-01,Induction,Assembly Line A,1446.1,399.7,10.6,6.31,76.7,70.4,2.24,75.9,91.4,None,None
2026-02-04 03:36:00,MTR-02,Induction,Assembly Line A,1560.8,398.2,11.2,6.65,76.9,68.9,2.55,76.4,90.4,None,None
2026-02-04 03:36:00,MTR-03,Servo,Robotics Cell,1830.1,394.9,8.38,4.93,74.2,61.5,1.58,72.1,90.8,None,None
2026-02-04 03:36:00,MTR-04,Servo,Robotics Cell,1636.3,394.0,12.86,7.55,67.8,81.0,5.69,86.5,84.1,Bearing Wear,Medium
2026-02-04 03:36:00,MTR-05,Synchronous,Utility Room,1158.8,399.4,12.31,7.32,78.8,74.1,3.45,75.0,90.2,None,None
2026-02-04 03:36:00,MTR-06,Induction,Packaging Line,1526.2,399.1,11.62,6.91,80.6,74.3,2.75,76.4,91.4,None,None
2026-02-04 06:00:00,MTR-01,Induction,Assembly Line A,1499.0,395.0,11.26,6.62,68.6,70.1,2.05,74.7,91.6,None,None
2026-02-04 06:00:00,MTR-02,Induction,Assembly Line A,1515.9,396.5,11.48,6.78,78.5,68.4,2.35,75.5,91.0,None,None
2026-02-04 06:00:00,MTR-03,Servo,Robotics Cell,1825.8,390.9,7.87,4.58,71.0,64.8,1.65,70.3,91.7,None,None
2026-02-04 06:00:00,MTR-04,Servo,Robotics Cell,1740.5,394.8,12.34,7.26,71.8,79.2,4.89,83.4,83.6,Bearing Wear,Medium
2026-02-04 06:00:00,MTR-05,Synchronous,Utility Room,1211.5,398.0,13.56,8.04,84.7,74.8,3.38,75.2,91.6,None,None
2026-02-04 06:00:00,MTR-06,Induction,Packaging Line,1534.8,402.0,12.31,7.37,75.1,70.6,3.15,74.2,91.1,None,None
2026-02-04 08:24:00,MTR-01,Induction,Assembly Line A,1471.8,399.8,11.19,6.66,76.0,67.8,1.71,74.7,91.3,None,None
2026-02-04 08:24:00,MTR-02,Induction,Assembly Line A,1510.5,404.3,12.3,7.41,78.9,72.0,2.49,77.8,91.8,None,None
2026-02-04 08:24:00,MTR-03,Servo,Robotics Cell,1801.7,389.9,7.65,4.44,73.6,62.0,1.78,69.3,91.2,None,None
2026-02-04 08:24:00,MTR-04,Servo,Robotics Cell,1682.5,390.7,11.91,6.93,70.9,80.6,5.3,83.4,83.2,Bearing Wear,Medium
2026-02-04 08:24:00,MTR-05,Synchronous,Utility Room,1182.7,399.3,12.79,7.6,84.3,71.2,2.82,77.2,91.2,None,None
2026-02-04 08:24:00,MTR-06,Induction,Packaging Line,1495.9,399.6,11.69,6.96,81.9,72.2,2.79,74.7,90.9,None,None
2026-02-04 10:48:00,MTR-01,Induction,Assembly Line A,1504.1,395.1,10.9,6.41,74.8,70.3,1.57,75.3,90.9,None,None
2026-02-04 10:48:00,MTR-02,Induction,Assembly Line A,1466.4,398.8,11.93,7.09,80.3,71.0,2.78,78.4,91.8,None,None
2026-02-04 10:48:00,MTR-03,Servo,Robotics Cell,1845.1,392.6,7.32,4.28,70.3,66.6,1.63,74.4,90.8,None,None
2026-02-04 10:48:00,MTR-04,Servo,Robotics Cell,1730.7,392.8,12.93,7.56,66.6,82.3,5.16,84.6,83.3,Bearing Wear,Medium
2026-02-04 10:48:00,MTR-05,Synchronous,Utility Room,1198.9,399.5,12.85,7.65,82.6,74.3,3.19,77.5,90.9,None,None
2026-02-04 10:48:00,MTR-06,Induction,Packaging Line,1486.1,403.9,12.04,7.24,76.8,72.3,2.96,75.0,90.5,None,None
2026-02-04 13:12:00,MTR-01,Induction,Assembly Line A,1470.3,408.3,10.1,6.15,75.7,66.0,1.67,78.1,91.0,None,None
2026-02-04 13:12:00,MTR-02,Induction,Assembly Line A,1503.5,397.3,10.59,6.27,77.7,70.5,2.83,76.8,92.4,None,None
2026-02-04 13:12:00,MTR-03,Servo,Robotics Cell,1853.2,412.3,8.47,5.2,67.5,62.9,0.97,71.2,92.6,None,None
2026-02-04 13:12:00,MTR-04,Servo,Robotics Cell,1694.8,396.4,13.28,7.84,73.1,78.8,5.43,87.4,84.6,Bearing Wear,Medium
2026-02-04 13:12:00,MTR-05,Synchronous,Utility Room,1176.5,404.0,13.34,8.03,78.4,72.3,3.16,77.8,91.4,None,None
2026-02-04 13:12:00,MTR-06,Induction,Packaging Line,1547.5,392.3,11.34,6.63,74.4,69.6,3.05,75.3,90.7,None,None
2026-02-04 15:36:00,MTR-01,Induction,Assembly Line A,1448.6,398.9,12.15,7.22,71.3,70.6,1.79,76.2,90.7,None,None
2026-02-04 15:36:00,MTR-02,Induction,Assembly Line A,1495.0,400.1,10.8,6.43,80.2,73.1,2.37,74.8,91.9,None,None
2026-02-04 15:36:00,MTR-03,Servo,Robotics Cell,1838.3,406.7,8.09,4.9,71.1,63.4,1.62,73.1,91.1,None,None
2026-02-04 15:36:00,MTR-04,Servo,Robotics Cell,1655.5,398.2,12.79,7.59,71.6,81.7,5.32,82.0,82.7,Bearing Wear,Medium
2026-02-04 15:36:00,MTR-05,Synchronous,Utility Room,1200.6,397.7,12.9,7.65,77.0,71.3,2.66,78.4,92.0,None,None
2026-02-04 15:36:00,MTR-06,Induction,Packaging Line,1398.7,398.3,17.9,10.62,72.7,89.5,7.27,90.2,79.0,Electrical Overload,High
2026-02-04 18:00:00,MTR-01,Induction,Assembly Line A,1445.0,402.1,14.62,8.75,73.0,77.2,4.75,84.4,84.8,Loose Mounting,Low
2026-02-04 18:00:00,MTR-02,Induction,Assembly Line A,1437.2,393.8,16.15,9.48,79.6,85.3,6.73,90.5,81.5,Misalignment,Medium
2026-02-04 18:00:00,MTR-03,Servo,Robotics Cell,1879.7,402.0,8.83,5.29,71.8,62.2,1.73,72.9,91.8,None,None
2026-02-04 18:00:00,MTR-04,Servo,Robotics Cell,1694.9,397.9,13.27,7.86,74.1,82.3,5.72,84.8,82.9,Bearing Wear,Medium
2026-02-04 18:00:00,MTR-05,Synchronous,Utility Room,1221.0,399.8,13.66,8.13,78.2,73.0,2.95,76.8,89.0,None,None
2026-02-04 18:00:00,MTR-06,Induction,Packaging Line,1534.8,397.6,12.4,7.34,80.3,72.0,2.99,80.1,90.1,None,None
2026-02-04 20:24:00,MTR-01,Induction,Assembly Line A,1478.2,404.9,10.14,6.12,74.0,69.3,2.08,76.4,91.9,None,None
2026-02-04 20:24:00,MTR-02,Induction,Assembly Line A,1483.4,403.7,12.44,7.48,78.7,74.8,2.8,76.0,90.8,None,None
2026-02-04 20:24:00,MTR-03,Servo,Robotics Cell,1821.0,410.8,8.99,5.5,73.5,66.3,1.79,77.4,90.5,None,None
2026-02-04 20:24:00,MTR-04,Servo,Robotics Cell,1689.2,396.2,13.3,7.85,69.4,81.4,5.56,85.9,82.3,Bearing Wear,Medium
2026-02-04 20:24:00,MTR-05,Synchronous,Utility Room,1233.4,406.3,13.44,8.14,84.4,69.1,2.94,79.6,91.8,None,None
2026-02-04 20:24:00,MTR-06,Induction,Packaging Line,1482.8,397.4,11.68,6.91,73.7,72.0,2.61,76.0,91.5,None,None
2026-02-04 22:48:00,MTR-01,Induction,Assembly Line A,1460.1,404.0,10.5,6.32,77.7,67.0,1.54,78.2,91.9,None,None
2026-02-04 22:48:00,MTR-02,Induction,Assembly Line A,1502.1,402.0,11.53,6.9,76.7,70.6,2.46,76.2,92.2,None,None
2026-02-04 22:48:00,MTR-03,Servo,Robotics Cell,1804.2,402.5,8.88,5.32,72.2,62.2,1.47,74.4,91.4,None,None
2026-02-04 22:48:00,MTR-04,Servo,Robotics Cell,1661.5,396.4,13.65,8.06,67.2,81.8,5.24,86.8,82.5,Bearing Wear,Medium
2026-02-04 22:48:00,MTR-05,Synchronous,Utility Room,1163.4,399.8,13.21,7.87,82.0,76.1,3.16,77.2,90.7,None,None
2026-02-04 22:48:00,MTR-06,Induction,Packaging Line,1528.8,402.5,11.42,6.85,80.6,73.2,3.03,76.3,90.2,None,None
2026-02-05 01:12:00,MTR-01,Induction,Assembly Line A,1491.1,398.9,10.71,6.36,76.9,67.5,2.66,76.0,91.0,None,None
2026-02-05 01:12:00,MTR-02,Induction,Assembly Line A,1465.8,403.2,12.25,7.36,78.6,74.2,2.55,77.0,90.9,None,None
2026-02-05 01:12:00,MTR-03,Servo,Robotics Cell,1831.7,396.7,7.49,4.42,68.9,63.7,1.36,75.0,91.9,None,None
2026-02-05 01:12:00,MTR-04,Servo,Robotics Cell,1703.7,389.5,13.99,8.12,68.2,82.4,5.25,86.3,82.0,Bearing Wear,Medium
2026-02-05 01:12:00,MTR-05,Synchronous,Utility Room,1179.7,395.2,13.95,8.22,83.5,70.3,3.51,73.8,90.2,None,None
2026-02-05 01:12:00,MTR-06,Induction,Packaging Line,1485.2,400.2,12.6,7.51,75.2,72.5,2.26,77.2,90.2,None,None
2026-02-05 03:36:00,MTR-01,Induction,Assembly Line A,1517.1,397.0,11.08,6.55,75.6,70.2,2.1,75.2,91.3,None,None
2026-02-05 03:36:00,MTR-02,Induction,Assembly Line A,1491.6,400.6,11.75,7.01,74.3,70.8,2.44,79.1,92.9,None,None
2026-02-05 03:36:00,MTR-03,Servo,Robotics Cell,1799.4,399.5,8.55,5.09,68.4,65.9,1.92,75.0,92.3,None,None
2026-02-05 03:36:00,MTR-04,Servo,Robotics Cell,1659.7,395.1,13.24,7.79,66.7,79.4,6.22,85.8,81.5,Bearing Wear,Medium
2026-02-05 03:36:00,MTR-05,Synchronous,Utility Room,1163.1,401.9,13.24,7.92,87.1,72.9,2.94,77.1,90.2,None,None
2026-02-05 03:36:00,MTR-06,Induction,Packaging Line,1543.3,396.2,12.18,7.19,78.7,73.4,2.74,76.9,91.1,None,None
2026-02-05 06:00:00,MTR-01,Induction,Assembly Line A,1462.4,406.7,10.74,6.51,77.2,66.9,1.87,77.0,91.8,None,None
2026-02-05 06:00:00,MTR-02,Induction,Assembly Line A,1463.2,399.5,11.99,7.14,76.7,72.4,2.54,77.0,90.5,None,None
2026-02-05 06:00:00,MTR-03,Servo,Robotics Cell,1845.3,406.8,7.28,4.41,72.7,62.7,1.81,69.4,91.9,None,None
2026-02-05 06:00:00,MTR-04,Servo,Robotics Cell,1700.3,389.8,13.67,7.94,69.5,82.1,5.84,84.5,81.4,Bearing Wear,Medium
2026-02-05 06:00:00,MTR-05,Synchronous,Utility Room,1189.5,397.6,14.18,8.4,79.0,70.4,3.19,76.8,89.6,None,None
2026-02-05 06:00:00,MTR-06,Induction,Packaging Line,1486.2,399.5,11.93,7.1,72.9,73.1,2.98,77.0,90.3,None,None
2026-02-05 08:24:00,MTR-01,Induction,Assembly Line A,1491.1,397.1,10.66,6.3,76.0,70.1,2.22,73.2,90.7,None,None
2026-02-05 08:24:00,MTR-02,Induction,Assembly Line A,1445.6,394.8,10.88,6.4,73.6,72.8,2.56,77.1,89.7,None,None
2026-02-05 08:24:00,MTR-03,Servo,Robotics Cell,1808.0,395.2,7.91,4.66,69.3,63.5,1.43,72.9,91.4,None,None
2026-02-05 08:24:00,MTR-04,Servo,Robotics Cell,1683.7,392.0,13.64,7.96,66.8,85.0,5.64,86.7,81.0,Bearing Wear,Medium
2026-02-05 08:24:00,MTR-05,Synchronous,Utility Room,1175.8,401.2,14.15,8.46,80.2,73.7,2.74,75.7,90.4,None,None
2026-02-05 08:24:00,MTR-06,Induction,Packaging Line,1472.4,396.7,12.13,7.17,80.2,72.5,3.16,77.3,92.2,None,None
2026-02-05 10:48:00,MTR-01,Induction,Assembly Line A,1421.4,401.3,10.04,6.0,75.8,67.3,1.91,74.2,90.9,None,None
2026-02-05 10:48:00,MTR-02,Induction,Assembly Line A,1412.2,405.5,10.5,6.34,71.6,72.9,2.28,77.9,93.2,None,None
2026-02-05 10:48:00,MTR-03,Servo,Robotics Cell,1809.0,401.5,7.88,4.71,70.5,63.4,1.17,71.4,90.7,None,None
2026-02-05 10:48:00,MTR-04,Servo,Robotics Cell,1682.8,393.0,13.11,7.67,70.9,86.1,6.36,83.4,80.5,Bearing Wear,Medium
2026-02-05 10:48:00,MTR-05,Synchronous,Utility Room,1208.7,407.8,13.2,8.02,80.4,71.3,3.39,79.5,90.8,None,None
2026-02-05 10:48:00,MTR-06,Induction,Packaging Line,1500.0,395.2,11.75,6.92,75.9,72.4,2.54,74.6,91.2,None,None
2026-02-05 13:12:00,MTR-01,Induction,Assembly Line A,1434.1,403.5,11.21,6.74,73.2,70.0,1.61,75.5,91.8,None,None
2026-02-05 13:12:00,MTR-02,Induction,Assembly Line A,1439.4,401.9,11.39,6.82,80.4,71.7,2.27,77.4,90.0,None,None
2026-02-05 13:12:00,MTR-03,Servo,Robotics Cell,1770.0,397.5,7.45,4.41,73.7,64.0,1.87,73.4,91.5,None,None
2026-02-05 13:12:00,MTR-04,Servo,Robotics Cell,1665.9,402.1,14.21,8.51,72.6,84.6,5.95,88.0,80.4,Bearing Wear,Medium
2026-02-05 13:12:00,MTR-05,Synchronous,Utility Room,1194.1,390.7,13.51,7.86,81.7,75.1,3.46,75.9,90.8,None,None
2026-02-05 13:12:00,MTR-06,Induction,Packaging Line,1478.6,398.9,11.45,6.81,75.1,72.0,2.85,77.4,90.4,None,None
2026-02-05 15:36:00,MTR-01,Induction,Assembly Line A,1471.7,408.3,11.86,7.21,78.2,65.5,2.62,73.4,92.0,None,None
2026-02-05 15:36:00,MTR-02,Induction,Assembly Line A,1450.7,407.2,11.46,6.95,77.6,74.9,2.81,74.6,90.9,None,None
2026-02-05 15:36:00,MTR-03,Servo,Robotics Cell,1798.7,400.7,7.74,4.62,69.7,65.2,1.73,71.7,91.7,None,None
2026-02-05 15:36:00,MTR-04,Servo,Robotics Cell,1684.1,391.6,14.4,8.4,69.5,88.4,6.23,88.3,80.8,Bearing Wear,Medium
2026-02-05 15:36:00,MTR-05,Synchronous,Utility Room,1203.2,400.2,13.32,7.94,80.0,74.8,3.41,75.8,90.5,None,None
2026-02-05 15:36:00,MTR-06,Induction,Packaging Line,1528.4,404.0,12.19,7.34,77.7,74.7,3.13,75.5,91.9,None,None
2026-02-05 18:00:00,MTR-01,Induction,Assembly Line A,1488.8,399.5,11.1,6.61,78.5,68.9,2.3,75.1,91.2,None,None
2026-02-05 18:00:00,MTR-02,Induction,Assembly Line A,1502.3,400.8,11.39,6.8,75.9,71.4,2.83,76.0,90.7,None,None
2026-02-05 18:00:00,MTR-03,Servo,Robotics Cell,1843.3,402.1,8.03,4.81,69.9,66.2,1.38,71.8,89.3,None,None
2026-02-05 18:00:00,MTR-04,Servo,Robotics Cell,1628.4,395.2,14.07,8.28,68.7,87.9,5.91,87.1,81.8,Bearing Wear,Medium
2026-02-05 18:00:00,MTR-05,Synchronous,Utility Room,1154.8,400.1,13.46,8.02,80.0,73.2,3.1,78.0,91.6,None,None
2026-02-05 18:00:00,MTR-06,Induction,Packaging Line,1529.8,391.1,11.47,6.68,77.8,70.3,2.25,78.0,92.3,None,None
2026-02-05 20:24:00,MTR-01,Induction,Assembly Line A,1495.5,397.0,10.23,6.05,75.4,67.5,1.84,76.4,92.0,None,None
2026-02-05 20:24:00,MTR-02,Induction,Assembly Line A,1450.7,396.6,12.32,7.28,76.9,71.2,2.68,71.5,91.4,None,None
2026-02-05 20:24:00,MTR-03,Servo,Robotics Cell,1831.1,391.1,7.84,4.57,70.0,65.4,1.34,74.9,91.2,None,None
2026-02-05 20:24:00,MTR-04,Servo,Robotics Cell,1664.2,391.4,13.63,7.94,67.3,81.7,6.28,86.0,80.8,Bearing Wear,Medium
2026-02-05 20:24:00,MTR-05,Synchronous,Utility Room,1197.5,408.5,12.56,7.64,82.5,74.7,3.39,72.9,90.9,None,None
2026-02-05 20:24:00,MTR-06,Induction,Packaging Line,1551.6,400.9,11.99,7.16,79.5,72.1,2.83,78.0,91.2,None,None
2026-02-05 22:48:00,MTR-01,Induction,Assembly Line A,1513.3,401.1,10.35,6.18,73.5,71.4,1.98,75.2,91.1,None,None
2026-02-05 22:48:00,MTR-02,Induction,Assembly Line A,1495.1,397.8,10.33,6.12,73.6,73.2,2.56,75.4,90.3,None,None
2026-02-05 22:48:00,MTR-03,Servo,Robotics Cell,1846.7,400.4,7.75,4.62,69.1,63.8,1.76,72.4,91.4,None,None
2026-02-05 22:48:00,MTR-04,Servo,Robotics Cell,1653.9,393.0,14.2,8.31,69.5,84.3,6.25,88.2,81.3,Bearing Wear,Medium
2026-02-05 22:48:00,MTR-05,Synchronous,Utility Room,1181.9,397.3,13.02,7.71,78.0,73.0,2.98,76.6,91.5,None,None
2026-02-05 22:48:00,MTR-06,Induction,Packaging Line,1489.6,391.8,14.86,8.67,76.8,81.6,4.58,81.6,87.1,Electrical Overload,Low
2026-02-06 01:12:00,MTR-01,Induction,Assembly Line A,1492.7,396.5,12.48,7.37,75.9,66.6,1.69,75.9,92.4,None,None
2026-02-06 01:12:00,MTR-02,Induction,Assembly Line A,1535.2,400.9,10.74,6.41,69.8,72.0,2.49,77.6,91.4,None,None
2026-02-06 01:12:00,MTR-03,Servo,Robotics Cell,1791.7,391.7,8.49,4.95,71.5,66.3,1.15,74.9,92.3,None,None
2026-02-06 01:12:00,MTR-04,Servo,Robotics Cell,1648.7,394.4,13.19,7.75,68.1,85.3,6.49,86.6,79.8,Bearing Wear,Medium
2026-02-06 01:12:00,MTR-05,Synchronous,Utility Room,1233.8,399.1,12.99,7.72,78.6,73.4,3.15,76.3,91.0,None,None
2026-02-06 01:12:00,MTR-06,Induction,Packaging Line,1532.4,396.5,10.94,6.46,80.2,73.5,2.47,77.0,90.3,None,None
2026-02-06 03:36:00,MTR-01,Induction,Assembly Line A,1423.4,397.0,10.21,6.04,74.4,65.2,2.03,71.0,90.4,None,None
2026-02-06 03:36:00,MTR-02,Induction,Assembly Line A,1461.9,393.6,11.4,6.68,77.4,72.4,2.09,77.3,91.5,None,None
2026-02-06 03:36:00,MTR-03,Servo,Robotics Cell,1793.6,400.4,8.34,4.97,71.2,64.8,1.55,72.3,91.8,None,None
2026-02-06 03:36:00,MTR-04,Servo,Robotics Cell,1691.9,399.8,13.9,8.28,69.3,84.9,6.55,89.9,80.3,Bearing Wear,Medium
2026-02-06 03:36:00,MTR-05,Synchronous,Utility Room,1138.0,405.3,13.1,7.91,82.0,74.8,3.22,78.2,90.6,None,None
2026-02-06 03:36:00,MTR-06,Induction,Packaging Line,1437.5,401.7,11.84,7.09,76.4,75.2,2.8,77.8,90.4,None,None
2026-02-06 06:00:00,MTR-01,Induction,Assembly Line A,1486.1,401.4,11.29,6.75,77.0,70.0,2.29,75.0,91.5,None,None
2026-02-06 06:00:00,MTR-02,Induction,Assembly Line A,1462.6,404.6,10.67,6.43,76.9,73.6,2.46,75.8,89.8,None,None
2026-02-06 06:00:00,MTR-03,Servo,Robotics Cell,1823.1,407.6,7.86,4.77,69.3,66.9,1.42,76.2,92.4,None,None
2026-02-06 06:00:00,MTR-04,Servo,Robotics Cell,1677.5,392.1,15.25,8.91,68.0,86.1,6.54,88.3,80.9,Bearing Wear,Medium
2026-02-06 06:00:00,MTR-05,Synchronous,Utility Room,1167.2,399.5,12.83,7.63,81.4,76.2,3.19,75.9,90.4,None,None
2026-02-06 06:00:00,MTR-06,Induction,Packaging Line,1499.9,406.0,11.92,7.21,77.8,70.4,2.49,78.1,90.8,None,None
2026-02-06 08:24:00,MTR-01,Induction,Assembly Line A,1463.9,398.5,10.35,6.14,72.7,69.4,1.98,73.8,90.8,None,None
2026-02-06 08:24:00,MTR-02,Induction,Assembly Line A,1452.6,402.2,11.55,6.92,81.3,70.5,2.71,72.0,91.2,None,None
2026-02-06 08:24:00,MTR-03,Servo,Robotics Cell,1833.1,396.1,7.99,4.72,70.5,66.7,1.83,72.3,91.4,None,None
2026-02-06 08:24:00,MTR-04,Servo,Robotics Cell,1687.5,391.8,14.17,8.27,66.8,87.6,6.61,90.4,80.0,Bearing Wear,High
2026-02-06 08:24:00,MTR-05,Synchronous,Utility Room,1207.6,400.3,12.44,7.41,84.1,69.8,3.01,78.2,90.4,None,None
2026-02-06 08:24:00,MTR-06,Induction,Packaging Line,1484.4,389.9,11.53,6.7,78.8,73.1,2.64,73.6,91.6,None,None
2026-02-06 10:48:00,MTR-01,Induction,Assembly Line A,1477.2,396.1,11.24,6.63,74.7,67.7,1.65,76.8,90.9,None,None
2026-02-06 10:48:00,MTR-02,Induction,Assembly Line A,1500.9,398.6,11.15,6.62,82.6,71.1,2.64,74.5,91.5,None,None
2026-02-06 10:48:00,MTR-03,Servo,Robotics Cell,1886.0,401.1,8.17,4.88,68.9,66.8,1.51,76.0,90.4,None,None
2026-02-06 10:48:00,MTR-04,Servo,Robotics Cell,1657.2,392.1,14.87,8.69,69.0,90.1,6.81,90.1,79.6,Bearing Wear,High
2026-02-06 10:48:00,MTR-05,Synchronous,Utility Room,1238.0,405.2,13.78,8.32,82.4,71.5,3.1,79.4,90.8,None,None
2026-02-06 10:48:00,MTR-06,Induction,Packaging Line,1521.7,394.2,12.17,7.14,74.1,74.3,2.99,77.7,91.2,None,None
2026-02-06 13:12:00,MTR-01,Induction,Assembly Line A,1507.0,400.1,10.14,6.04,70.2,69.7,1.88,78.4,91.3,None,None
2026-02-06 13:12:00,MTR-02,Induction,Assembly Line A,1452.4,393.9,11.93,7.0,76.9,71.6,2.72,75.0,91.6,None,None
2026-02-06 13:12:00,MTR-03,Servo,Robotics Cell,1864.0,396.5,7.71,4.55,68.7,65.7,1.44,73.7,92.2,None,None
2026-02-06 13:12:00,MTR-04,Servo,Robotics Cell,1653.0,390.6,14.95,8.7,68.3,86.5,6.76,91.2,79.5,Bearing Wear,High
2026-02-06 13:12:00,MTR-05,Synchronous,Utility Room,1253.7,396.4,12.1,7.15,80.1,73.0,2.49,75.2,92.4,None,None
2026-02-06 13:12:00,MTR-06,Induction,Packaging Line,1483.2,405.8,12.62,7.63,74.2,71.0,2.69,76.8,91.5,None,None
2026-02-06 15:36:00,MTR-01,Induction,Assembly Line A,1529.4,407.1,11.81,7.16,72.6,66.9,2.23,73.7,91.5,None,None
2026-02-06 15:36:00,MTR-02,Induction,Assembly Line A,1478.8,394.6,12.59,7.4,76.7,71.5,2.66,75.0,90.3,None,None
2026-02-06 15:36:00,MTR-03,Servo,Robotics Cell,1783.6,400.0,7.18,4.28,67.4,64.2,1.25,77.2,93.1,None,None
2026-02-06 15:36:00,MTR-04,Servo,Robotics Cell,1693.5,386.1,15.56,8.95,72.1,85.7,7.11,88.5,78.6,Bearing Wear,High
2026-02-06 15:36:00,MTR-05,Synchronous,Utility Room,1200.7,396.0,13.68,8.07,82.3,72.1,3.17,75.1,92.5,None,None
2026-02-06 15:36:00,MTR-06,Induction,Packaging Line,1511.1,388.6,12.09,7.0,80.0,73.8,3.01,75.3,91.0,None,None
2026-02-06 18:00:00,MTR-01,Induction,Assembly Line A,1456.1,404.0,11.24,6.77,77.9,69.2,1.66,74.4,90.8,None,None
2026-02-06 18:00:00,MTR-02,Induction,Assembly Line A,1475.4,396.1,11.59,6.84,79.1,72.6,2.91,76.6,91.5,None,None
2026-02-06 18:00:00,MTR-03,Servo,Robotics Cell,1793.1,398.6,9.19,5.46,61.9,63.9,1.53,72.5,92.3,None,None
2026-02-06 18:00:00,MTR-04,Servo,Robotics Cell,1706.3,393.3,15.13,8.87,67.0,87.7,7.57,86.0,79.3,Bearing Wear,High
2026-02-06 18:00:00,MTR-05,Synchronous,Utility Room,1191.8,397.5,12.78,7.57,78.1,72.3,3.52,76.2,89.1,None,None
2026-02-06 18:00:00,MTR-06,Induction,Packaging Line,1535.6,401.2,11.67,6.97,79.0,73.0,2.67,77.8,90.6,None,None
2026-02-06 20:24:00,MTR-01,Induction,Assembly Line A,1504.6,396.6,9.29,5.49,79.9,65.5,2.36,74.3,90.8,None,None
2026-02-06 20:24:00,MTR-02,Induction,Assembly Line A,1463.0,395.1,10.77,6.34,82.4,73.1,2.57,76.1,89.2,None,None
2026-02-06 20:24:00,MTR-03,Servo,Robotics Cell,1818.7,397.0,8.67,5.13,73.3,66.9,1.25,78.0,90.5,None,None
2026-02-06 20:24:00,MTR-04,Servo,Robotics Cell,1586.8,392.6,16.06,9.39,69.0,86.7,7.41,92.2,78.9,Bearing Wear,High
2026-02-06 20:24:00,MTR-05,Synchronous,Utility Room,1192.9,399.4,13.84,8.24,80.1,72.3,3.26,76.0,91.0,None,None
2026-02-06 20:24:00,MTR-06,Induction,Packaging Line,1483.7,400.8,11.51,6.87,76.5,74.1,2.85,75.0,91.0,None,None
2026-02-06 22:48:00,MTR-01,Induction,Assembly Line A,1475.7,398.7,10.73,6.37,78.7,69.1,2.4,75.8,91.8,None,None
2026-02-06 22:48:00,MTR-02,Induction,Assembly Line A,1547.5,393.5,11.05,6.48,73.9,67.7,2.59,74.0,90.2,None,None
2026-02-06 22:48:00,MTR-03,Servo,Robotics Cell,1805.9,398.2,8.18,4.85,67.0,65.1,1.37,73.8,91.0,None,None
2026-02-06 22:48:00,MTR-04,Servo,Robotics Cell,1603.1,390.9,15.63,9.1,67.6,88.2,7.38,90.5,80.2,Bearing Wear,High
2026-02-06 22:48:00,MTR-05,Synchronous,Utility Room,1175.4,403.7,13.61,8.18,80.1,73.4,2.98,80.1,91.1,None,None
2026-02-06 22:48:00,MTR-06,Induction,Packaging Line,1493.3,399.8,12.29,7.32,82.5,73.0,2.93,74.6,90.6,None,None
2026-02-07 01:12:00,MTR-01,Induction,Assembly Line A,1496.1,398.7,9.42,5.59,76.2,64.9,1.75,76.0,91.4,None,None
2026-02-07 01:12:00,MTR-02,Induction,Assembly Line A,1509.9,408.2,11.12,6.76,78.5,72.1,2.18,75.4,90.6,None,None
2026-02-07 01:12:00,MTR-03,Servo,Robotics Cell,1787.8,398.1,8.44,5.0,70.1,64.9,2.09,70.2,91.9,None,None
2026-02-07 01:12:00,MTR-04,Servo,Robotics Cell,1694.5,394.7,16.15,9.49,71.7,86.2,7.42,89.8,78.6,Bearing Wear,High
2026-02-07 01:12:00,MTR-05,Synchronous,Utility Room,1228.7,400.5,13.11,7.82,84.2,73.9,3.18,77.1,91.5,None,None
2026-02-07 01:12:00,MTR-06,Induction,Packaging Line,1497.3,395.2,11.89,7.0,76.9,71.9,2.85,76.9,90.0,None,None
2026-02-07 03:36:00,MTR-01,Induction,Assembly Line A,1439.5,399.9,10.97,6.53,74.1,67.4,2.01,72.1,92.3,None,None
2026-02-07 03:36:00,MTR-02,Induction,Assembly Line A,1517.7,396.2,12.05,7.11,81.7,71.6,2.42,74.7,90.6,None,None
2026-02-07 03:36:00,MTR-03,Servo,Robotics Cell,1840.1,399.3,8.29,4.93,70.0,63.4,1.75,70.8,92.1,None,None
2026-02-07 03:36:00,MTR-04,Servo,Robotics Cell,1658.5,399.5,14.94,8.89,66.2,87.2,7.45,90.7,78.2,Bearing Wear,High
2026-02-07 03:36:00,MTR-05,Synchronous,Utility Room,1238.5,400.0,13.58,8.09,85.9,75.5,3.35,78.8,91.1,None,None
2026-02-07 03:36:00,MTR-06,Induction,Packaging Line,1485.2,408.5,14.91,9.07,78.2,78.6,4.85,83.0,85.3,Electrical Overload,Low
2026-02-07 06:00:00,MTR-01,Induction,Assembly Line A,1474.1,404.6,10.77,6.49,73.8,68.6,1.85,75.2,91.5,None,None
2026-02-07 06:00:00,MTR-02,Induction,Assembly Line A,1494.9,398.8,12.85,7.63,77.7,74.0,2.32,75.5,90.9,None,None
2026-02-07 06:00:00,MTR-03,Servo,Robotics Cell,1813.5,399.3,8.91,5.3,71.7,70.5,1.9,73.2,92.0,None,None
2026-02-07 06:00:00,MTR-04,Servo,Robotics Cell,1679.8,392.2,16.18,9.46,69.4,89.0,7.69,92.0,77.5,Bearing Wear,High
2026-02-07 06:00:00,MTR-05,Synchronous,Utility Room,1195.7,399.0,13.0,7.73,77.5,70.1,3.44,75.4,90.8,None,None
2026-02-07 06:00:00,MTR-06,Induction,Packaging Line,1525.5,397.9,11.94,7.08,78.8,75.3,2.38,76.9,91.4,None,None
2026-02-07 08:24:00,MTR-01,Induction,Assembly Line A,1457.9,410.3,10.75,6.57,74.6,71.5,1.95,75.5,90.4,None,None
2026-02-07 08:24:00,MTR-02,Induction,Assembly Line A,1502.3,406.5,10.78,6.53,79.8,69.6,2.38,75.2,92.4,None,None
2026-02-07 08:24:00,MTR-03,Servo,Robotics Cell,1784.7,399.7,8.64,5.15,73.6,61.8,1.42,75.2,91.6,None,None
2026-02-07 08:24:00,MTR-04,Servo,Robotics Cell,1698.6,394.9,15.99,9.4,70.4,90.4,7.68,91.5,78.3,Bearing Wear,High
2026-02-07 08:24:00,MTR-05,Synchronous,Utility Room,1178.0,394.9,13.31,7.83,79.0,72.4,2.96,77.5,91.2,None,None
2026-02-07 08:24:00,MTR-06,Induction,Packaging Line,1547.8,399.0,11.71,6.96,76.9,72.1,2.6,74.3,91.0,None,None
2026-02-07 10:48:00,MTR-01,Induction,Assembly Line A,1519.4,401.0,11.56,6.91,74.5,69.8,2.41,74.9,93.0,None,None
2026-02-07 10:48:00,MTR-02,Induction,Assembly Line A,1482.6,398.7,10.7,6.36,76.9,73.1,2.62,78.3,90.9,None,None
2026-02-07 10:48:00,MTR-03,Servo,Robotics Cell,1885.9,393.1,7.08,4.15,69.6,64.6,1.32,74.1,91.5,None,None
2026-02-07 10:48:00,MTR-04,Servo,Robotics Cell,1605.1,394.8,15.48,9.1,70.4,88.8,8.0,90.1,76.8,Bearing Wear,High
2026-02-07 10:48:00,MTR-05,Synchronous,Utility Room,1200.7,402.4,14.0,8.39,78.6,71.7,3.02,79.3,92.0,None,None
2026-02-07 10:48:00,MTR-06,Induction,Packaging Line,1524.5,407.3,11.88,7.21,76.7,71.2,2.33,80.3,91.3,None,None
2026-02-07 13:12:00,MTR-01,Induction,Assembly Line A,1441.1,410.5,11.25,6.88,71.9,68.0,2.31,76.2,92.7,None,None
2026-02-07 13:12:00,MTR-02,Induction,Assembly Line A,1515.0,393.4,11.9,6.98,80.9,71.6,2.24,72.2,90.9,None,None
2026-02-07 13:12:00,MTR-03,Servo,Robotics Cell,1832.1,398.6,8.81,5.23,66.9,64.3,1.36,71.2,91.4,None,None
2026-02-07 13:12:00,MTR-04,Servo,Robotics Cell,1601.6,384.9,16.17,9.27,65.4,90.0,7.88,90.8,76.6,Bearing Wear,High
2026-02-07 13:12:00,MTR-05,Synchronous,Utility Room,1210.7,397.4,12.78,7.57,79.6,74.1,3.49,74.8,91.7,None,None
2026-02-07 13:12:00,MTR-06,Induction,Packaging Line,1548.0,393.9,11.59,6.8,75.0,72.4,2.43,76.2,91.4,None,None
2026-02-07 15:36:00,MTR-01,Induction,Assembly Line A,1462.0,391.1,11.38,6.63,74.7,68.1,2.18,79.2,91.1,None,None
2026-02-07 15:36:00,MTR-02,Induction,Assembly Line A,1500.0,408.8,11.48,6.99,72.1,73.3,2.39,75.1,90.5,None,None
2026-02-07 15:36:00,MTR-03,Servo,Robotics Cell,1834.8,392.0,8.98,5.24,70.0,64.9,1.59,72.3,92.1,None,None
2026-02-07 15:36:00,MTR-04,Servo,Robotics Cell,1632.1,387.8,15.93,9.2,69.6,89.1,7.88,92.1,77.6,Bearing Wear,High
2026-02-07 15:36:00,MTR-05,Synchronous,Utility Room,1244.5,401.5,13.04,7.8,83.2,74.9,3.06,78.1,90.5,None,None
2026-02-07 15:36:00,MTR-06,Induction,Packaging Line,1475.7,397.2,14.15,8.37,79.8,81.8,4.58,83.1,85.6,Misalignment,Low
2026-02-07 18:00:00,MTR-01,Induction,Assembly Line A,1502.6,397.4,10.45,6.19,79.5,70.5,2.09,71.3,90.4,None,None
2026-02-07 18:00:00,MTR-02,Induction,Assembly Line A,1472.0,396.4,10.85,6.41,76.4,71.2,2.94,79.8,89.8,None,None
2026-02-07 18:00:00,MTR-03,Servo,Robotics Cell,1825.6,392.4,7.3,4.27,67.7,62.6,1.69,74.2,92.3,None,None
2026-02-07 18:00:00,MTR-04,Servo,Robotics Cell,1628.5,394.3,15.98,9.38,65.1,85.9,8.07,92.3,77.6,Bearing Wear,High
2026-02-07 18:00:00,MTR-05,Synchronous,Utility Room,1171.6,393.7,13.17,7.72,78.6,70.9,2.93,75.2,91.7,None,None
2026-02-07 18:00:00,MTR-06,Induction,Packaging Line,1389.7,392.2,17.08,9.98,76.5,91.0,7.55,89.2,78.3,Electrical Overload,High
2026-02-07 20:24:00,MTR-01,Induction,Assembly Line A,1453.7,399.2,10.81,6.43,75.5,69.9,1.66,73.5,91.5,None,None
2026-02-07 20:24:00,MTR-02,Induction,Assembly Line A,1517.7,401.3,11.15,6.66,79.0,71.7,2.38,78.9,91.4,None,None
2026-02-07 20:24:00,MTR-03,Servo,Robotics Cell,1816.8,395.8,8.41,4.96,69.7,64.5,1.44,74.3,91.4,None,None
2026-02-07 20:24:00,MTR-04,Servo,Robotics Cell,1627.7,388.4,16.35,9.46,65.9,88.0,7.76,93.3,76.5,Bearing Wear,High
2026-02-07 20:24:00,MTR-05,Synchronous,Utility Room,1207.0,407.6,13.14,7.98,79.6,73.5,3.42,78.8,90.9,None,None
2026-02-07 20:24:00,MTR-06,Induction,Packaging Line,1481.6,404.0,11.91,7.17,81.9,74.3,2.61,76.4,91.0,None,None
2026-02-07 22:48:00,MTR-01,Induction,Assembly Line A,1440.6,401.6,11.4,6.82,75.6,69.4,2.03,74.8,90.7,None,None
2026-02-07 22:48:00,MTR-02,Induction,Assembly Line A,1488.1,409.4,12.23,7.46,77.9,68.2,2.42,73.8,92.2,None,None
2026-02-07 22:48:00,MTR-03,Servo,Robotics Cell,1783.5,400.3,7.76,4.63,68.7,62.7,1.54,75.5,91.7,None,None
2026-02-07 22:48:00,MTR-04,Servo,Robotics Cell,1660.3,397.5,16.43,9.73,68.6,92.3,8.01,92.2,76.3,Bearing Wear,High
2026-02-07 22:48:00,MTR-05,Synchronous,Utility Room,1161.9,397.2,13.99,8.28,79.3,75.9,3.21,73.7,89.8,None,None
2026-02-07 22:48:00,MTR-06,Induction,Packaging Line,1542.3,397.2,11.46,6.78,80.2,73.9,3.04,78.5,90.9,None,None
2026-02-08 01:12:00,MTR-01,Induction,Assembly Line A,1471.7,396.0,10.53,6.21,78.0,68.9,1.91,75.9,91.7,None,None
2026-02-08 01:12:00,MTR-02,Induction,Assembly Line A,1499.5,396.5,11.52,6.8,72.4,66.8,2.23,76.1,91.6,None,None
2026-02-08 01:12:00,MTR-03,Servo,Robotics Cell,1837.8,389.2,8.64,5.01,74.2,61.2,1.25,73.3,93.1,None,None
2026-02-08 01:12:00,MTR-04,Servo,Robotics Cell,1618.5,391.2,16.45,9.59,63.5,93.1,8.24,96.0,76.1,Bearing Wear,High
2026-02-08 01:12:00,MTR-05,Synchronous,Utility Room,1165.0,398.9,14.17,8.42,78.0,74.3,3.15,75.4,89.5,None,None
2026-02-08 01:12:00,MTR-06,Induction,Packaging Line,1514.2,400.9,12.05,7.2,78.8,71.1,2.53,75.1,89.8,None,None
2026-02-08 03:36:00,MTR-01,Induction,Assembly Line A,1502.9,395.8,10.3,6.07,74.6,68.4,1.89,73.0,91.0,None,None
2026-02-08 03:36:00,MTR-02,Induction,Assembly Line A,1518.3,393.5,11.63,6.81,79.4,71.6,2.93,75.6,90.9,None,None
2026-02-08 03:36:00,MTR-03,Servo,Robotics Cell,1830.0,391.6,8.29,4.83,72.2,63.5,1.4,74.5,91.2,None,None
2026-02-08 03:36:00,MTR-04,Servo,Robotics Cell,1651.6,389.6,16.06,9.32,67.1,88.0,8.0,90.3,76.1,Bearing Wear,High
2026-02-08 03:36:00,MTR-05,Synchronous,Utility Room,1202.1,401.7,12.67,7.58,80.6,73.8,3.47,80.7,91.2,None,None
2026-02-08 03:36:00,MTR-06,Induction,Packaging Line,1485.8,403.2,15.25,9.16,80.5,82.8,4.68,80.1,86.3,Electrical Overload,Low
2026-02-08 06:00:00,MTR-01,Induction,Assembly Line A,1466.2,405.3,10.91,6.59,76.4,72.9,2.04,74.5,91.3,None,None
2026-02-08 06:00:00,MTR-02,Induction,Assembly Line A,1483.8,397.9,11.42,6.77,81.0,73.0,2.64,74.7,91.1,None,None
2026-02-08 06:00:00,MTR-03,Servo,Robotics Cell,1822.1,396.0,7.97,4.7,68.4,65.0,1.32,74.5,91.4,None,None
2026-02-08 06:00:00,MTR-04,Servo,Robotics Cell,1632.5,398.6,16.67,9.9,68.0,88.6,8.45,93.4,76.2,Bearing Wear,High
2026-02-08 06:00:00,MTR-05,Synchronous,Utility Room,1237.9,391.0,14.02,8.16,78.3,72.5,2.97,76.6,90.9,None,None
2026-02-08 06:00:00,MTR-06,Induction,Packaging Line,1523.6,391.0,12.2,7.11,76.9,73.5,3.01,79.0,91.5,None,None
2026-02-08 08:24:00,MTR-01,Induction,Assembly Line A,1533.1,396.2,11.27,6.65,73.6,68.8,1.61,76.4,92.2,None,None
2026-02-08 08:24:00,MTR-02,Induction,Assembly Line A,1494.1,399.1,11.47,6.82,75.7,68.5,2.85,74.6,91.7,None,None
2026-02-08 08:24:00,MTR-03,Servo,Robotics Cell,1815.7,396.5,8.2,4.85,69.1,63.9,1.45,77.1,91.8,None,None
2026-02-08 08:24:00,MTR-04,Servo,Robotics Cell,1635.7,389.9,16.2,9.41,65.2,93.6,8.12,91.3,76.2,Bearing Wear,High
2026-02-08 08:24:00,MTR-05,Synchronous,Utility Room,1214.7,401.0,13.41,8.01,82.1,72.9,3.27,79.1,91.3,None,None
2026-02-08 08:24:00,MTR-06,Induction,Packaging Line,1525.0,396.4,12.81,7.57,76.1,69.4,2.84,77.0,90.7,None,None
2026-02-08 10:48:00,MTR-01,Induction,Assembly Line A,1381.2,391.9,13.9,8.11,73.2,75.3,3.89,81.7,85.7,Electrical Overload,Low
2026-02-08 10:48:00,MTR-02,Induction,Assembly Line A,1486.6,397.2,12.17,7.2,77.3,73.2,2.55,77.4,90.8,None,None
2026-02-08 10:48:00,MTR-03,Servo,Robotics Cell,1791.2,398.0,8.02,4.76,68.6,62.2,1.7,73.3,91.3,None,None
2026-02-08 10:48:00,MTR-04,Servo,Robotics Cell,1581.8,391.4,17.1,9.97,68.3,91.3,8.34,89.4,76.5,Bearing Wear,High
2026-02-08 10:48:00,MTR-05,Synchronous,Utility Room,1224.4,412.0,13.87,8.51,82.3,73.2,2.87,76.7,90.4,None,None
2026-02-08 10:48:00,MTR-06,Induction,Packaging Line,1495.1,397.7,12.61,7.47,72.8,71.0,2.81,74.1,91.2,None,None
2026-02-08 13:12:00,MTR-01,Induction,Assembly Line A,1442.5,395.9,10.88,6.42,73.8,70.1,2.31,73.8,92.0,None,None
2026-02-08 13:12:00,MTR-02,Induction,Assembly Line A,1515.3,396.9,12.32,7.28,76.6,70.8,2.51,77.4,91.0,None,None
2026-02-08 13:12:00,MTR-03,Servo,Robotics Cell,1801.4,390.7,7.32,4.26,71.9,65.7,1.93,73.0,92.4,None,None
2026-02-08 13:12:00,MTR-04,Servo,Robotics Cell,1611.4,393.8,16.39,9.62,65.9,89.5,8.38,95.4,76.1,Bearing Wear,High
2026-02-08 13:12:00,MTR-05,Synchronous,Utility Room,1233.4,393.7,12.3,7.22,79.1,73.1,2.89,74.9,90.2,None,None
2026-02-08 13:12:00,MTR-06,Induction,Packaging Line,1506.1,387.4,11.61,6.7,76.4,70.8,2.54,75.7,90.4,None,None
2026-02-08 15:36:00,MTR-01,Induction,Assembly Line A,1443.3,406.0,10.44,6.31,77.7,72.0,2.15,73.2,90.9,None,None
2026-02-08 15:36:00,MTR-02,Induction,Assembly Line A,1515.0,397.0,11.43,6.76,76.9,71.3,2.72,75.8,92.3,None,None
2026-02-08 15:36:00,MTR-03,Servo,Robotics Cell,1812.7,400.8,8.68,5.18,70.7,65.0,1.43,73.9,92.9,None,None
2026-02-08 15:36:00,MTR-04,Servo,Robotics Cell,1625.0,396.8,15.63,9.24,66.6,92.4,8.13,93.6,75.8,Bearing Wear,High
2026-02-08 15:36:00,MTR-05,Synchronous,Utility Room,1139.4,397.5,16.28,9.64,80.8,83.7,5.31,83.9,85.3,Electrical Overload,Low
2026-02-08 15:36:00,MTR-06,Induction,Packaging Line,1533.0,405.4,11.86,7.16,77.9,72.3,2.42,76.5,91.0,None,None
2026-02-08 18:00:00,MTR-01,Induction,Assembly Line A,1473.0,400.2,11.22,6.69,78.8,68.5,1.68,73.5,91.5,None,None
2026-02-08 18:00:00,MTR-02,Induction,Assembly Line A,1485.2,394.1,10.93,6.42,80.4,70.3,2.78,75.9,90.7,None,None
2026-02-08 18:00:00,MTR-03,Servo,Robotics Cell,1835.1,401.2,8.26,4.94,71.0,65.9,1.78,74.7,91.1,None,None
2026-02-08 18:00:00,MTR-04,Servo,Robotics Cell,1672.6,386.7,16.57,9.54,66.1,94.4,8.47,90.8,75.3,Bearing Wear,High
2026-02-08 18:00:00,MTR-05,Synchronous,Utility Room,1237.1,391.5,13.07,7.62,83.1,73.9,3.09,75.5,89.7,None,None
2026-02-08 18:00:00,MTR-06,Induction,Packaging Line,1518.6,395.3,12.66,7.45,81.3,71.9,3.12,77.2,92.3,None,None
2026-02-08 20:24:00,MTR-01,Induction,Assembly Line A,1496.8,401.3,11.21,6.7,76.6,67.1,1.96,73.5,90.4,None,None
2026-02-08 20:24:00,MTR-02,Induction,Assembly Line A,1525.2,396.2,11.23,6.63,79.8,74.5,2.56,75.5,91.5,None,None
2026-02-08 20:24:00,MTR-03,Servo,Robotics Cell,1811.4,412.1,7.35,4.51,67.6,66.0,1.38,74.4,93.3,None,None
2026-02-08 20:24:00,MTR-04,Servo,Robotics Cell,1634.4,394.0,15.6,9.16,65.7,89.7,8.1,92.9,77.6,Bearing Wear,High
2026-02-08 20:24:00,MTR-05,Synchronous,Utility Room,1150.9,403.9,13.45,8.09,77.0,73.0,2.87,77.0,91.5,None,None
2026-02-08 20:24:00,MTR-06,Induction,Packaging Line,1489.8,396.8,12.29,7.27,80.5,72.5,2.55,77.9,90.9,None,None
2026-02-08 22:48:00,MTR-01,Induction,Assembly Line A,1494.3,402.5,10.93,6.55,76.7,69.2,1.99,75.7,90.8,None,None
2026-02-08 22:48:00,MTR-02,Induction,Assembly Line A,1496.1,404.2,10.86,6.54,78.5,71.2,2.22,74.2,90.6,None,None
2026-02-08 22:48:00,MTR-03,Servo,Robotics Cell,1819.5,396.2,8.69,5.13,69.5,63.2,1.76,71.8,90.3,None,None
2026-02-08 22:48:00,MTR-04,Servo,Robotics Cell,1602.6,387.9,16.65,9.62,68.8,91.1,8.08,92.5,75.7,Bearing Wear,High
2026-02-08 22:48:00,MTR-05,Synchronous,Utility Room,1182.4,399.9,12.93,7.7,81.7,74.4,3.37,77.7,91.0,None,None
2026-02-08 22:48:00,MTR-06,Induction,Packaging Line,1538.0,402.3,12.66,7.58,77.7,74.0,2.68,76.1,92.1,None,None
2026-02-09 01:12:00,MTR-01,Induction,Assembly Line A,1456.2,400.2,10.46,6.23,77.1,67.2,1.72,77.3,92.0,None,None
2026-02-09 01:12:00,MTR-02,Induction,Assembly Line A,1471.8,400.2,10.87,6.48,78.2,71.9,2.78,75.9,90.9,None,None
2026-02-09 01:12:00,MTR-03,Servo,Robotics Cell,1862.5,393.1,7.63,4.47,67.5,64.9,1.45,71.5,93.0,None,None
2026-02-09 01:12:00,MTR-04,Servo,Robotics Cell,1705.2,395.5,16.25,9.57,66.9,90.0,7.96,94.5,76.7,Bearing Wear,High
2026-02-09 01:12:00,MTR-05,Synchronous,Utility Room,1163.8,395.4,12.46,7.34,78.9,72.9,3.16,74.6,90.7,None,None
2026-02-09 01:12:00,MTR-06,Induction,Packaging Line,1499.3,391.6,11.32,6.61,79.4,72.9,2.88,77.1,91.7,None,None
2026-02-09 03:36:00,MTR-01,Induction,Assembly Line A,1469.7,413.6,10.67,6.58,75.5,68.6,1.9,75.7,91.9,None,None
2026-02-09 03:36:00,MTR-02,Induction,Assembly Line A,1505.0,414.0,11.43,7.05,71.9,70.9,2.69,79.0,91.7,None,None
2026-02-09 03:36:00,MTR-03,Servo,Robotics Cell,1814.1,403.2,8.45,5.08,67.1,62.6,1.52,73.8,92.1,None,None
2026-02-09 03:36:00,MTR-04,Servo,Robotics Cell,1664.0,393.1,16.73,9.79,70.1,91.7,8.26,91.5,76.1,Bearing Wear,High
2026-02-09 03:36:00,MTR-05,Synchronous,Utility Room,1182.5,395.0,13.53,7.96,85.7,72.8,3.3,76.4,90.4,None,None
2026-02-09 03:36:00,MTR-06,Induction,Packaging Line,1526.6,400.8,11.68,6.97,81.9,73.0,2.72,75.3,90.8,None,None
